,mean_fit_time,std_fit_time,mean_score_time,std_score_time,param_clf__alpha,param_vect__max_df,param_vect__min_df,param_vect__norm,params,split0_test_score,split1_test_score,mean_test_score,std_test_score,rank_test_score
0,0.20374679565429688,0.034304141998291016,0.1377248764038086,0.0019214153289794922,1e-05,0.6,1,l1,"{'clf__alpha': 1e-05, 'vect__max_df': 0.6, 'vect__min_df': 1, 'vect__norm': 'l1'}",0.5863157894736842,0.5789473684210527,0.5826315789473684,0.00368421052631579,43
1,0.23832762241363525,0.06655681133270264,0.13110888004302979,0.00019609928131103516,1e-05,0.6,1,l2,"{'clf__alpha': 1e-05, 'vect__max_df': 0.6, 'vect__min_df': 1, 'vect__norm': 'l2'}",0.5865789473684211,0.5810526315789474,0.5838157894736842,0.0027631578947368562,40
2,0.22616326808929443,0.007171034812927246,0.2486889362335205,0.026840686798095703,1e-05,0.6,3,l1,"{'clf__alpha': 1e-05, 'vect__max_df': 0.6, 'vect__min_df': 3, 'vect__norm': 'l1'}",0.5694736842105264,0.5678947368421052,0.5686842105263158,0.0007894736842105621,61
3,0.2065976858139038,0.04945838451385498,0.12346720695495605,0.008927583694458008,1e-05,0.6,3,l2,"{'clf__alpha': 1e-05, 'vect__max_df': 0.6, 'vect__min_df': 3, 'vect__norm': 'l2'}",0.5710526315789474,0.5678947368421052,0.5694736842105264,0.0015789473684210686,58
4,0.1639409065246582,0.00448298454284668,0.11883664131164551,0.0009474754333496094,1e-05,0.6,5,l1,"{'clf__alpha': 1e-05, 'vect__max_df': 0.6, 'vect__min_df': 5, 'vect__norm': 'l1'}",0.5444736842105263,0.5486842105263158,0.546578947368421,0.002105263157894721,85
5,0.2268967628479004,0.034821510314941406,0.21399056911468506,0.0020726919174194336,1e-05,0.6,5,l2,"{'clf__alpha': 1e-05, 'vect__max_df': 0.6, 'vect__min_df': 5, 'vect__norm': 'l2'}",0.5471052631578948,0.5542105263157895,0.5506578947368421,0.003552631578947363,82
6,0.1608734130859375,0.002080202102661133,0.1536405086517334,0.03383445739746094,1e-05,0.6,10,l1,"{'clf__alpha': 1e-05, 'vect__max_df': 0.6, 'vect__min_df': 10, 'vect__norm': 'l1'}",0.5189473684210526,0.5160526315789473,0.5175,0.0014473684210526416,103
7,0.14857780933380127,0.0060302019119262695,0.1408839225769043,0.009763240814208984,1e-05,0.6,10,l2,"{'clf__alpha': 1e-05, 'vect__max_df': 0.6, 'vect__min_df': 10, 'vect__norm': 'l2'}",0.5286842105263158,0.5268421052631579,0.5277631578947368,0.0009210526315789336,97
8,0.18693435192108154,0.006076693534851074,0.12287330627441406,0.00043892860412597656,1e-05,0.8,1,l1,"{'clf__alpha': 1e-05, 'vect__max_df': 0.8, 'vect__min_df': 1, 'vect__norm': 'l1'}",0.5863157894736842,0.5789473684210527,0.5826315789473684,0.00368421052631579,43
9,0.18221557140350342,0.012157082557678223,0.11629605293273926,0.0052642822265625,1e-05,0.8,1,l2,"{'clf__alpha': 1e-05, 'vect__max_df': 0.8, 'vect__min_df': 1, 'vect__norm': 'l2'}",0.5865789473684211,0.5810526315789474,0.5838157894736842,0.0027631578947368562,40
10,0.21707463264465332,0.009378910064697266,0.11613500118255615,0.004937529563903809,1e-05,0.8,3,l1,"{'clf__alpha': 1e-05, 'vect__max_df': 0.8, 'vect__min_df': 3, 'vect__norm': 'l1'}",0.5694736842105264,0.5678947368421052,0.5686842105263158,0.0007894736842105621,61
11,0.15296220779418945,0.004296064376831055,0.10955679416656494,0.0012375116348266602,1e-05,0.8,3,l2,"{'clf__alpha': 1e-05, 'vect__max_df': 0.8, 'vect__min_df': 3, 'vect__norm': 'l2'}",0.5710526315789474,0.5678947368421052,0.5694736842105264,0.0015789473684210686,58
12,0.16745495796203613,0.02752208709716797,0.12616074085235596,0.011171221733093262,1e-05,0.8,5,l1,"{'clf__alpha': 1e-05, 'vect__max_df': 0.8, 'vect__min_df': 5, 'vect__norm': 'l1'}",0.5444736842105263,0.5486842105263158,0.546578947368421,0.002105263157894721,85
13,0.16326391696929932,0.008023858070373535,0.13671231269836426,0.002952098846435547,1e-05,0.8,5,l2,"{'clf__alpha': 1e-05, 'vect__max_df': 0.8, 'vect__min_df': 5, 'vect__norm': 'l2'}",0.5471052631578948,0.5542105263157895,0.5506578947368421,0.003552631578947363,82
14,0.15694725513458252,0.0027631521224975586,0.15297257900238037,0.0027238130569458008,1e-05,0.8,10,l1,"{'clf__alpha': 1e-05, 'vect__max_df': 0.8, 'vect__min_df': 10, 'vect__norm': 'l1'}",0.5189473684210526,0.5160526315789473,0.5175,0.0014473684210526416,103
15,0.14800453186035156,0.0041046142578125,0.11663424968719482,0.003274083137512207,1e-05,0.8,10,l2,"{'clf__alpha': 1e-05, 'vect__max_df': 0.8, 'vect__min_df': 10, 'vect__norm': 'l2'}",0.5286842105263158,0.5268421052631579,0.5277631578947368,0.0009210526315789336,97
16,0.17133057117462158,0.0015815496444702148,0.11803543567657471,0.00016891956329345703,1e-05,1.0,1,l1,"{'clf__alpha': 1e-05, 'vect__max_df': 1.0, 'vect__min_df': 1, 'vect__norm': 'l1'}",0.5863157894736842,0.5789473684210527,0.5826315789473684,0.00368421052631579,43
17,0.19487357139587402,0.021219491958618164,0.13959956169128418,0.021663665771484375,1e-05,1.0,1,l2,"{'clf__alpha': 1e-05, 'vect__max_df': 1.0, 'vect__min_df': 1, 'vect__norm': 'l2'}",0.5865789473684211,0.5810526315789474,0.5838157894736842,0.0027631578947368562,40
18,0.17197000980377197,0.022481322288513184,0.14075887203216553,0.020747780799865723,1e-05,1.0,3,l1,"{'clf__alpha': 1e-05, 'vect__max_df': 1.0, 'vect__min_df': 3, 'vect__norm': 'l1'}",0.5694736842105264,0.5678947368421052,0.5686842105263158,0.0007894736842105621,61
19,0.1524033546447754,0.011932134628295898,0.12007009983062744,0.019376635551452637,1e-05,1.0,3,l2,"{'clf__alpha': 1e-05, 'vect__max_df': 1.0, 'vect__min_df': 3, 'vect__norm': 'l2'}",0.5710526315789474,0.5678947368421052,0.5694736842105264,0.0015789473684210686,58
20,0.1603626012802124,0.009081244468688965,0.150954008102417,0.026093244552612305,1e-05,1.0,5,l1,"{'clf__alpha': 1e-05, 'vect__max_df': 1.0, 'vect__min_df': 5, 'vect__norm': 'l1'}",0.5444736842105263,0.5486842105263158,0.546578947368421,0.002105263157894721,85
21,0.13738322257995605,0.0008151531219482422,0.10955488681793213,0.004886984825134277,1e-05,1.0,5,l2,"{'clf__alpha': 1e-05, 'vect__max_df': 1.0, 'vect__min_df': 5, 'vect__norm': 'l2'}",0.5471052631578948,0.5542105263157895,0.5506578947368421,0.003552631578947363,82
22,0.1477264165878296,0.008448958396911621,0.11848700046539307,0.0009788274765014648,1e-05,1.0,10,l1,"{'clf__alpha': 1e-05, 'vect__max_df': 1.0, 'vect__min_df': 10, 'vect__norm': 'l1'}",0.5189473684210526,0.5160526315789473,0.5175,0.0014473684210526416,103
23,0.15200269222259521,0.003987908363342285,0.10804831981658936,0.002549290657043457,1e-05,1.0,10,l2,"{'clf__alpha': 1e-05, 'vect__max_df': 1.0, 'vect__min_df': 10, 'vect__norm': 'l2'}",0.5286842105263158,0.5268421052631579,0.5277631578947368,0.0009210526315789336,97
24,0.20161497592926025,0.03680598735809326,0.11843109130859375,0.00010657310485839844,0.0001,0.6,1,l1,"{'clf__alpha': 0.0001, 'vect__max_df': 0.6, 'vect__min_df': 1, 'vect__norm': 'l1'}",0.5973684210526315,0.5923684210526315,0.5948684210526316,0.0025000000000000022,37
25,0.2452157735824585,0.009882092475891113,0.15622234344482422,0.046715736389160156,0.0001,0.6,1,l2,"{'clf__alpha': 0.0001, 'vect__max_df': 0.6, 'vect__min_df': 1, 'vect__norm': 'l2'}",0.5973684210526315,0.5926315789473684,0.595,0.002368421052631575,34
26,0.22042334079742432,0.0038851499557495117,0.15627002716064453,0.004628419876098633,0.0001,0.6,3,l1,"{'clf__alpha': 0.0001, 'vect__max_df': 0.6, 'vect__min_df': 3, 'vect__norm': 'l1'}",0.5828947368421052,0.5807894736842105,0.5818421052631579,0.0010526315789473606,49
27,0.18136394023895264,0.03415024280548096,0.13197779655456543,0.022684335708618164,0.0001,0.6,3,l2,"{'clf__alpha': 0.0001, 'vect__max_df': 0.6, 'vect__min_df': 3, 'vect__norm': 'l2'}",0.5805263157894737,0.5839473684210527,0.5822368421052632,0.0017105263157894957,46
28,0.1628568172454834,0.021361351013183594,0.13510680198669434,0.029460430145263672,0.0001,0.6,5,l1,"{'clf__alpha': 0.0001, 'vect__max_df': 0.6, 'vect__min_df': 5, 'vect__norm': 'l1'}",0.5568421052631579,0.5610526315789474,0.5589473684210526,0.002105263157894721,73
29,0.15296268463134766,0.011754751205444336,0.11161565780639648,0.008150815963745117,0.0001,0.6,5,l2,"{'clf__alpha': 0.0001, 'vect__max_df': 0.6, 'vect__min_df': 5, 'vect__norm': 'l2'}",0.5573684210526316,0.5657894736842105,0.5615789473684211,0.004210526315789442,67
30,0.13475370407104492,0.00737452507019043,0.11200618743896484,0.007766246795654297,0.0001,0.6,10,l1,"{'clf__alpha': 0.0001, 'vect__max_df': 0.6, 'vect__min_df': 10, 'vect__norm': 'l1'}",0.5278947368421053,0.5247368421052632,0.5263157894736843,0.0015789473684210686,100
31,0.14493465423583984,0.0004112720489501953,0.10632431507110596,0.002217888832092285,0.0001,0.6,10,l2,"{'clf__alpha': 0.0001, 'vect__max_df': 0.6, 'vect__min_df': 10, 'vect__norm': 'l2'}",0.5389473684210526,0.5378947368421053,0.5384210526315789,0.0005263157894736525,94
32,0.2016770839691162,0.020159006118774414,0.1254894733428955,0.0008983612060546875,0.0001,0.8,1,l1,"{'clf__alpha': 0.0001, 'vect__max_df': 0.8, 'vect__min_df': 1, 'vect__norm': 'l1'}",0.5973684210526315,0.5923684210526315,0.5948684210526316,0.0025000000000000022,37
33,0.17482757568359375,0.006761789321899414,0.12726306915283203,0.008760929107666016,0.0001,0.8,1,l2,"{'clf__alpha': 0.0001, 'vect__max_df': 0.8, 'vect__min_df': 1, 'vect__norm': 'l2'}",0.5973684210526315,0.5926315789473684,0.595,0.002368421052631575,34
34,0.15212798118591309,0.020560264587402344,0.12963271141052246,0.015095233917236328,0.0001,0.8,3,l1,"{'clf__alpha': 0.0001, 'vect__max_df': 0.8, 'vect__min_df': 3, 'vect__norm': 'l1'}",0.5828947368421052,0.5807894736842105,0.5818421052631579,0.0010526315789473606,49
35,0.14867424964904785,0.0018088817596435547,0.12438571453094482,0.010825514793395996,0.0001,0.8,3,l2,"{'clf__alpha': 0.0001, 'vect__max_df': 0.8, 'vect__min_df': 3, 'vect__norm': 'l2'}",0.5805263157894737,0.5839473684210527,0.5822368421052632,0.0017105263157894957,46
36,0.1399402618408203,0.003687620162963867,0.13125550746917725,0.024110913276672363,0.0001,0.8,5,l1,"{'clf__alpha': 0.0001, 'vect__max_df': 0.8, 'vect__min_df': 5, 'vect__norm': 'l1'}",0.5568421052631579,0.5610526315789474,0.5589473684210526,0.002105263157894721,73
37,0.14210212230682373,0.004471182823181152,0.10625135898590088,0.004506945610046387,0.0001,0.8,5,l2,"{'clf__alpha': 0.0001, 'vect__max_df': 0.8, 'vect__min_df': 5, 'vect__norm': 'l2'}",0.5573684210526316,0.5657894736842105,0.5615789473684211,0.004210526315789442,67
38,0.13607776165008545,0.001633763313293457,0.12317907810211182,0.0175858736038208,0.0001,0.8,10,l1,"{'clf__alpha': 0.0001, 'vect__max_df': 0.8, 'vect__min_df': 10, 'vect__norm': 'l1'}",0.5278947368421053,0.5247368421052632,0.5263157894736843,0.0015789473684210686,100
39,0.18659722805023193,0.029059290885925293,0.15453410148620605,0.03020310401916504,0.0001,0.8,10,l2,"{'clf__alpha': 0.0001, 'vect__max_df': 0.8, 'vect__min_df': 10, 'vect__norm': 'l2'}",0.5389473684210526,0.5378947368421053,0.5384210526315789,0.0005263157894736525,94
40,0.18184959888458252,0.036170363426208496,0.1698606014251709,0.03575277328491211,0.0001,1.0,1,l1,"{'clf__alpha': 0.0001, 'vect__max_df': 1.0, 'vect__min_df': 1, 'vect__norm': 'l1'}",0.5973684210526315,0.5923684210526315,0.5948684210526316,0.0025000000000000022,37
41,0.25558924674987793,0.02041935920715332,0.1925973892211914,0.0019049644470214844,0.0001,1.0,1,l2,"{'clf__alpha': 0.0001, 'vect__max_df': 1.0, 'vect__min_df': 1, 'vect__norm': 'l2'}",0.5973684210526315,0.5926315789473684,0.595,0.002368421052631575,34
42,0.17908716201782227,0.018590450286865234,0.13691222667694092,0.028832554817199707,0.0001,1.0,3,l1,"{'clf__alpha': 0.0001, 'vect__max_df': 1.0, 'vect__min_df': 3, 'vect__norm': 'l1'}",0.5828947368421052,0.5807894736842105,0.5818421052631579,0.0010526315789473606,49
43,0.18298327922821045,0.009989619255065918,0.1560584306716919,0.029885172843933105,0.0001,1.0,3,l2,"{'clf__alpha': 0.0001, 'vect__max_df': 1.0, 'vect__min_df': 3, 'vect__norm': 'l2'}",0.5805263157894737,0.5839473684210527,0.5822368421052632,0.0017105263157894957,46
44,0.14795374870300293,0.006228923797607422,0.11493337154388428,0.002436041831970215,0.0001,1.0,5,l1,"{'clf__alpha': 0.0001, 'vect__max_df': 1.0, 'vect__min_df': 5, 'vect__norm': 'l1'}",0.5568421052631579,0.5610526315789474,0.5589473684210526,0.002105263157894721,73
45,0.14253616333007812,0.0048329830169677734,0.10655975341796875,0.006246089935302734,0.0001,1.0,5,l2,"{'clf__alpha': 0.0001, 'vect__max_df': 1.0, 'vect__min_df': 5, 'vect__norm': 'l2'}",0.5573684210526316,0.5657894736842105,0.5615789473684211,0.004210526315789442,67
46,0.17015039920806885,0.03459513187408447,0.1170952320098877,0.009235382080078125,0.0001,1.0,10,l1,"{'clf__alpha': 0.0001, 'vect__max_df': 1.0, 'vect__min_df': 10, 'vect__norm': 'l1'}",0.5278947368421053,0.5247368421052632,0.5263157894736843,0.0015789473684210686,100
47,0.14869964122772217,0.02193129062652588,0.11873459815979004,0.01605701446533203,0.0001,1.0,10,l2,"{'clf__alpha': 0.0001, 'vect__max_df': 1.0, 'vect__min_df': 10, 'vect__norm': 'l2'}",0.5389473684210526,0.5378947368421053,0.5384210526315789,0.0005263157894736525,94
48,0.1719762086868286,0.009758591651916504,0.13210606575012207,0.009578466415405273,0.001,0.6,1,l1,"{'clf__alpha': 0.001, 'vect__max_df': 0.6, 'vect__min_df': 1, 'vect__norm': 'l1'}",0.611578947368421,0.611578947368421,0.611578947368421,0.0,25
49,0.22095823287963867,0.01844191551208496,0.29527390003204346,0.0803147554397583,0.001,0.6,1,l2,"{'clf__alpha': 0.001, 'vect__max_df': 0.6, 'vect__min_df': 1, 'vect__norm': 'l2'}",0.6142105263157894,0.6142105263157894,0.6142105263157894,0.0,22
50,0.1386864185333252,0.0076596736907958984,0.12407791614532471,0.013274312019348145,0.001,0.6,3,l1,"{'clf__alpha': 0.001, 'vect__max_df': 0.6, 'vect__min_df': 3, 'vect__norm': 'l1'}",0.6021052631578947,0.6018421052631578,0.6019736842105263,0.000131578947368427,28
51,0.17049193382263184,0.011898517608642578,0.3269064426422119,0.0950322151184082,0.001,0.6,3,l2,"{'clf__alpha': 0.001, 'vect__max_df': 0.6, 'vect__min_df': 3, 'vect__norm': 'l2'}",0.5994736842105263,0.6026315789473684,0.6010526315789473,0.0015789473684210686,31
52,0.14951622486114502,0.007358908653259277,0.2694965600967407,0.05542457103729248,0.001,0.6,5,l1,"{'clf__alpha': 0.001, 'vect__max_df': 0.6, 'vect__min_df': 5, 'vect__norm': 'l1'}",0.5757894736842105,0.5852631578947368,0.5805263157894737,0.00473684210526315,52
53,0.2663692235946655,0.043251872062683105,0.21840238571166992,0.05019783973693848,0.001,0.6,5,l2,"{'clf__alpha': 0.001, 'vect__max_df': 0.6, 'vect__min_df': 5, 'vect__norm': 'l2'}",0.5739473684210527,0.5839473684210527,0.5789473684210527,0.0050000000000000044,55
54,0.4197272062301636,0.11687624454498291,0.28714609146118164,0.0013933181762695312,0.001,0.6,10,l1,"{'clf__alpha': 0.001, 'vect__max_df': 0.6, 'vect__min_df': 10, 'vect__norm': 'l1'}",0.5444736842105263,0.5405263157894736,0.5425,0.0019736842105263497,88
55,0.4248899221420288,0.025723814964294434,0.38427889347076416,0.08621728420257568,0.001,0.6,10,l2,"{'clf__alpha': 0.001, 'vect__max_df': 0.6, 'vect__min_df': 10, 'vect__norm': 'l2'}",0.5521052631578948,0.5521052631578948,0.5521052631578948,0.0,79
56,0.42262816429138184,0.006322383880615234,0.31239616870880127,0.13749325275421143,0.001,0.8,1,l1,"{'clf__alpha': 0.001, 'vect__max_df': 0.8, 'vect__min_df': 1, 'vect__norm': 'l1'}",0.611578947368421,0.611578947368421,0.611578947368421,0.0,25
57,0.5456780195236206,0.054700255393981934,0.32305777072906494,0.052994608879089355,0.001,0.8,1,l2,"{'clf__alpha': 0.001, 'vect__max_df': 0.8, 'vect__min_df': 1, 'vect__norm': 'l2'}",0.6142105263157894,0.6142105263157894,0.6142105263157894,0.0,22
58,0.4318718910217285,0.0661015510559082,0.4233112335205078,0.07203292846679688,0.001,0.8,3,l1,"{'clf__alpha': 0.001, 'vect__max_df': 0.8, 'vect__min_df': 3, 'vect__norm': 'l1'}",0.6021052631578947,0.6018421052631578,0.6019736842105263,0.000131578947368427,28
59,0.6070679426193237,0.06776392459869385,0.63576340675354,0.03397417068481445,0.001,0.8,3,l2,"{'clf__alpha': 0.001, 'vect__max_df': 0.8, 'vect__min_df': 3, 'vect__norm': 'l2'}",0.5994736842105263,0.6026315789473684,0.6010526315789473,0.0015789473684210686,31
60,0.4966777563095093,0.01601231098175049,0.6731771230697632,0.1115950345993042,0.001,0.8,5,l1,"{'clf__alpha': 0.001, 'vect__max_df': 0.8, 'vect__min_df': 5, 'vect__norm': 'l1'}",0.5757894736842105,0.5852631578947368,0.5805263157894737,0.00473684210526315,52
61,0.6035866737365723,0.10779929161071777,0.6008387804031372,0.08767831325531006,0.001,0.8,5,l2,"{'clf__alpha': 0.001, 'vect__max_df': 0.8, 'vect__min_df': 5, 'vect__norm': 'l2'}",0.5739473684210527,0.5839473684210527,0.5789473684210527,0.0050000000000000044,55
62,0.75113844871521,0.16632390022277832,0.42375004291534424,0.023053765296936035,0.001,0.8,10,l1,"{'clf__alpha': 0.001, 'vect__max_df': 0.8, 'vect__min_df': 10, 'vect__norm': 'l1'}",0.5444736842105263,0.5405263157894736,0.5425,0.0019736842105263497,88
63,0.6248255968093872,0.03377187252044678,0.24374282360076904,0.0036736726760864258,0.001,0.8,10,l2,"{'clf__alpha': 0.001, 'vect__max_df': 0.8, 'vect__min_df': 10, 'vect__norm': 'l2'}",0.5521052631578948,0.5521052631578948,0.5521052631578948,0.0,79
64,0.7362334728240967,0.06986117362976074,0.5423290729522705,0.0679636001586914,0.001,1.0,1,l1,"{'clf__alpha': 0.001, 'vect__max_df': 1.0, 'vect__min_df': 1, 'vect__norm': 'l1'}",0.611578947368421,0.611578947368421,0.611578947368421,0.0,25
65,0.5889550447463989,0.09436523914337158,0.7017240524291992,0.2288818359375,0.001,1.0,1,l2,"{'clf__alpha': 0.001, 'vect__max_df': 1.0, 'vect__min_df': 1, 'vect__norm': 'l2'}",0.6142105263157894,0.6142105263157894,0.6142105263157894,0.0,22
66,0.3612055778503418,0.02504253387451172,0.6215753555297852,0.07085824012756348,0.001,1.0,3,l1,"{'clf__alpha': 0.001, 'vect__max_df': 1.0, 'vect__min_df': 3, 'vect__norm': 'l1'}",0.6021052631578947,0.6018421052631578,0.6019736842105263,0.000131578947368427,28
67,0.48633086681365967,0.16694152355194092,0.488836407661438,0.0379103422164917,0.001,1.0,3,l2,"{'clf__alpha': 0.001, 'vect__max_df': 1.0, 'vect__min_df': 3, 'vect__norm': 'l2'}",0.5994736842105263,0.6026315789473684,0.6010526315789473,0.0015789473684210686,31
68,0.6227904558181763,0.00203549861907959,0.4634002447128296,0.1214226484298706,0.001,1.0,5,l1,"{'clf__alpha': 0.001, 'vect__max_df': 1.0, 'vect__min_df': 5, 'vect__norm': 'l1'}",0.5757894736842105,0.5852631578947368,0.5805263157894737,0.00473684210526315,52
69,0.5413668155670166,0.05387139320373535,0.3221569061279297,0.020381689071655273,0.001,1.0,5,l2,"{'clf__alpha': 0.001, 'vect__max_df': 1.0, 'vect__min_df': 5, 'vect__norm': 'l2'}",0.5739473684210527,0.5839473684210527,0.5789473684210527,0.0050000000000000044,55
70,0.39173173904418945,0.16585850715637207,0.22945737838745117,0.027103424072265625,0.001,1.0,10,l1,"{'clf__alpha': 0.001, 'vect__max_df': 1.0, 'vect__min_df': 10, 'vect__norm': 'l1'}",0.5444736842105263,0.5405263157894736,0.5425,0.0019736842105263497,88
71,0.249869704246521,0.03285086154937744,0.33810555934906006,0.048954129219055176,0.001,1.0,10,l2,"{'clf__alpha': 0.001, 'vect__max_df': 1.0, 'vect__min_df': 10, 'vect__norm': 'l2'}",0.5521052631578948,0.5521052631578948,0.5521052631578948,0.0,79
72,0.3002943992614746,0.05939888954162598,0.30618345737457275,0.012808918952941895,0.1,0.6,1,l1,"{'clf__alpha': 0.1, 'vect__max_df': 0.6, 'vect__min_df': 1, 'vect__norm': 'l1'}",0.4047368421052632,0.391578947368421,0.3981578947368421,0.006578947368421073,106
73,0.31156277656555176,0.07925176620483398,0.19509315490722656,0.02933359146118164,0.1,0.6,1,l2,"{'clf__alpha': 0.1, 'vect__max_df': 0.6, 'vect__min_df': 1, 'vect__norm': 'l2'}",0.6673684210526316,0.6684210526315789,0.6678947368421053,0.0005263157894736525,1
74,0.40945184230804443,0.14981257915496826,0.41002845764160156,0.16182351112365723,0.1,0.6,3,l1,"{'clf__alpha': 0.1, 'vect__max_df': 0.6, 'vect__min_df': 3, 'vect__norm': 'l1'}",0.5407894736842105,0.5402631578947369,0.5405263157894737,0.0002631578947367985,91
75,0.3338644504547119,0.03227519989013672,0.3298501968383789,0.004695415496826172,0.1,0.6,3,l2,"{'clf__alpha': 0.1, 'vect__max_df': 0.6, 'vect__min_df': 3, 'vect__norm': 'l2'}",0.6605263157894737,0.6673684210526316,0.6639473684210526,0.003421052631578936,4
76,0.3828005790710449,0.012933492660522461,0.27007484436035156,0.03236532211303711,0.1,0.6,5,l1,"{'clf__alpha': 0.1, 'vect__max_df': 0.6, 'vect__min_df': 5, 'vect__norm': 'l1'}",0.5628947368421052,0.5660526315789474,0.5644736842105262,0.0015789473684210686,64
77,0.25216543674468994,0.026907801628112793,0.2409125566482544,0.05558884143829346,0.1,0.6,5,l2,"{'clf__alpha': 0.1, 'vect__max_df': 0.6, 'vect__min_df': 5, 'vect__norm': 'l2'}",0.6389473684210526,0.6505263157894737,0.6447368421052632,0.0057894736842105665,7
78,0.3351583480834961,0.007975101470947266,0.34635651111602783,0.0562974214553833,0.1,0.6,10,l1,"{'clf__alpha': 0.1, 'vect__max_df': 0.6, 'vect__min_df': 10, 'vect__norm': 'l1'}",0.5621052631578948,0.5592105263157895,0.5606578947368421,0.0014473684210526416,70
79,0.35029137134552,0.014078497886657715,0.15806078910827637,0.002905607223510742,0.1,0.6,10,l2,"{'clf__alpha': 0.1, 'vect__max_df': 0.6, 'vect__min_df': 10, 'vect__norm': 'l2'}",0.616578947368421,0.6171052631578947,0.6168421052631579,0.000263157894736854,16
80,0.3800848722457886,0.048833250999450684,0.42442989349365234,0.09385323524475098,0.1,0.8,1,l1,"{'clf__alpha': 0.1, 'vect__max_df': 0.8, 'vect__min_df': 1, 'vect__norm': 'l1'}",0.4047368421052632,0.391578947368421,0.3981578947368421,0.006578947368421073,106
81,0.41983771324157715,0.06636428833007812,0.24891972541809082,0.07441830635070801,0.1,0.8,1,l2,"{'clf__alpha': 0.1, 'vect__max_df': 0.8, 'vect__min_df': 1, 'vect__norm': 'l2'}",0.6673684210526316,0.6684210526315789,0.6678947368421053,0.0005263157894736525,1
82,0.44034433364868164,0.15976309776306152,0.18908512592315674,0.007977843284606934,0.1,0.8,3,l1,"{'clf__alpha': 0.1, 'vect__max_df': 0.8, 'vect__min_df': 3, 'vect__norm': 'l1'}",0.5407894736842105,0.5402631578947369,0.5405263157894737,0.0002631578947367985,91
83,0.6253225803375244,0.08306264877319336,0.46693992614746094,0.035852909088134766,0.1,0.8,3,l2,"{'clf__alpha': 0.1, 'vect__max_df': 0.8, 'vect__min_df': 3, 'vect__norm': 'l2'}",0.6605263157894737,0.6673684210526316,0.6639473684210526,0.003421052631578936,4
84,0.26400089263916016,0.010402679443359375,0.2366846799850464,0.05995213985443115,0.1,0.8,5,l1,"{'clf__alpha': 0.1, 'vect__max_df': 0.8, 'vect__min_df': 5, 'vect__norm': 'l1'}",0.5628947368421052,0.5660526315789474,0.5644736842105262,0.0015789473684210686,64
85,0.2982149124145508,0.0496211051940918,0.3901822566986084,0.06846475601196289,0.1,0.8,5,l2,"{'clf__alpha': 0.1, 'vect__max_df': 0.8, 'vect__min_df': 5, 'vect__norm': 'l2'}",0.6389473684210526,0.6505263157894737,0.6447368421052632,0.0057894736842105665,7
86,0.45446062088012695,0.1701805591583252,0.39884328842163086,0.01862168312072754,0.1,0.8,10,l1,"{'clf__alpha': 0.1, 'vect__max_df': 0.8, 'vect__min_df': 10, 'vect__norm': 'l1'}",0.5621052631578948,0.5592105263157895,0.5606578947368421,0.0014473684210526416,70
87,0.33072686195373535,0.12027883529663086,0.1594613790512085,0.007188200950622559,0.1,0.8,10,l2,"{'clf__alpha': 0.1, 'vect__max_df': 0.8, 'vect__min_df': 10, 'vect__norm': 'l2'}",0.616578947368421,0.6171052631578947,0.6168421052631579,0.000263157894736854,16
88,0.4529331922531128,0.04802262783050537,0.266857385635376,0.0897057056427002,0.1,1.0,1,l1,"{'clf__alpha': 0.1, 'vect__max_df': 1.0, 'vect__min_df': 1, 'vect__norm': 'l1'}",0.4047368421052632,0.391578947368421,0.3981578947368421,0.006578947368421073,106
89,0.33914804458618164,0.06805276870727539,0.30274319648742676,0.03021860122680664,0.1,1.0,1,l2,"{'clf__alpha': 0.1, 'vect__max_df': 1.0, 'vect__min_df': 1, 'vect__norm': 'l2'}",0.6673684210526316,0.6684210526315789,0.6678947368421053,0.0005263157894736525,1
90,0.5430446863174438,0.02053678035736084,0.29058992862701416,0.11320006847381592,0.1,1.0,3,l1,"{'clf__alpha': 0.1, 'vect__max_df': 1.0, 'vect__min_df': 3, 'vect__norm': 'l1'}",0.5407894736842105,0.5402631578947369,0.5405263157894737,0.0002631578947367985,91
91,0.3296269178390503,0.01499330997467041,0.35570549964904785,0.03355669975280762,0.1,1.0,3,l2,"{'clf__alpha': 0.1, 'vect__max_df': 1.0, 'vect__min_df': 3, 'vect__norm': 'l2'}",0.6605263157894737,0.6673684210526316,0.6639473684210526,0.003421052631578936,4
92,0.374708890914917,0.16872453689575195,0.23479104042053223,0.015177249908447266,0.1,1.0,5,l1,"{'clf__alpha': 0.1, 'vect__max_df': 1.0, 'vect__min_df': 5, 'vect__norm': 'l1'}",0.5628947368421052,0.5660526315789474,0.5644736842105262,0.0015789473684210686,64
93,0.32918667793273926,0.046738624572753906,0.3762993812561035,0.17231297492980957,0.1,1.0,5,l2,"{'clf__alpha': 0.1, 'vect__max_df': 1.0, 'vect__min_df': 5, 'vect__norm': 'l2'}",0.6389473684210526,0.6505263157894737,0.6447368421052632,0.0057894736842105665,7
94,0.40324389934539795,0.13086020946502686,0.322475790977478,0.02792370319366455,0.1,1.0,10,l1,"{'clf__alpha': 0.1, 'vect__max_df': 1.0, 'vect__min_df': 10, 'vect__norm': 'l1'}",0.5621052631578948,0.5592105263157895,0.5606578947368421,0.0014473684210526416,70
95,0.286030650138855,0.013750195503234863,0.21401119232177734,0.05794930458068848,0.1,1.0,10,l2,"{'clf__alpha': 0.1, 'vect__max_df': 1.0, 'vect__min_df': 10, 'vect__norm': 'l2'}",0.616578947368421,0.6171052631578947,0.6168421052631579,0.000263157894736854,16
96,0.40013980865478516,0.16302084922790527,0.3220900297164917,0.15161240100860596,1.0,0.6,1,l1,"{'clf__alpha': 1, 'vect__max_df': 0.6, 'vect__min_df': 1, 'vect__norm': 'l1'}",0.11552631578947369,0.11605263157894737,0.11578947368421053,0.00026315789473684015,130
97,0.35680627822875977,0.1175384521484375,0.26345276832580566,0.10248160362243652,1.0,0.6,1,l2,"{'clf__alpha': 1, 'vect__max_df': 0.6, 'vect__min_df': 1, 'vect__norm': 'l2'}",0.5594736842105263,0.5513157894736842,0.5553947368421053,0.004078947368421071,76
98,0.42646145820617676,0.11092758178710938,0.27587008476257324,0.06092214584350586,1.0,0.6,3,l1,"{'clf__alpha': 1, 'vect__max_df': 0.6, 'vect__min_df': 3, 'vect__norm': 'l1'}",0.1481578947368421,0.15210526315789474,0.15013157894736842,0.001973684210526322,127
99,0.3891409635543823,0.10445177555084229,0.2631397247314453,0.10295343399047852,1.0,0.6,3,l2,"{'clf__alpha': 1, 'vect__max_df': 0.6, 'vect__min_df': 3, 'vect__norm': 'l2'}",0.6281578947368421,0.63,0.6290789473684211,0.0009210526315789336,13
100,0.2959868907928467,0.07300233840942383,0.29117655754089355,0.12945890426635742,1.0,0.6,5,l1,"{'clf__alpha': 1, 'vect__max_df': 0.6, 'vect__min_df': 5, 'vect__norm': 'l1'}",0.18394736842105264,0.18947368421052632,0.1867105263157895,0.002763157894736842,121
101,0.3305819034576416,0.12616848945617676,0.3018019199371338,0.0016262531280517578,1.0,0.6,5,l2,"{'clf__alpha': 1, 'vect__max_df': 0.6, 'vect__min_df': 5, 'vect__norm': 'l2'}",0.6313157894736842,0.6381578947368421,0.6347368421052632,0.0034210526315789913,10
102,0.3501468896865845,0.04385554790496826,0.2837035655975342,0.016284465789794922,1.0,0.6,10,l1,"{'clf__alpha': 1, 'vect__max_df': 0.6, 'vect__min_df': 10, 'vect__norm': 'l1'}",0.2797368421052632,0.28526315789473683,0.2825,0.0027631578947368285,112
103,0.19655966758728027,0.0020318031311035156,0.22750437259674072,0.03231656551361084,1.0,0.6,10,l2,"{'clf__alpha': 1, 'vect__max_df': 0.6, 'vect__min_df': 10, 'vect__norm': 'l2'}",0.6228947368421053,0.6086842105263158,0.6157894736842106,0.007105263157894726,19
104,0.3980289697647095,0.0221635103225708,0.41613638401031494,0.032853007316589355,1.0,0.8,1,l1,"{'clf__alpha': 1, 'vect__max_df': 0.8, 'vect__min_df': 1, 'vect__norm': 'l1'}",0.11552631578947369,0.11605263157894737,0.11578947368421053,0.00026315789473684015,130
105,0.36724328994750977,0.027374982833862305,0.18044257164001465,8.344650268554688e-05,1.0,0.8,1,l2,"{'clf__alpha': 1, 'vect__max_df': 0.8, 'vect__min_df': 1, 'vect__norm': 'l2'}",0.5594736842105263,0.5513157894736842,0.5553947368421053,0.004078947368421071,76
106,0.38879358768463135,0.029274821281433105,0.30544161796569824,0.14130949974060059,1.0,0.8,3,l1,"{'clf__alpha': 1, 'vect__max_df': 0.8, 'vect__min_df': 3, 'vect__norm': 'l1'}",0.1481578947368421,0.15210526315789474,0.15013157894736842,0.001973684210526322,127
107,0.25456273555755615,0.032526612281799316,0.22104978561401367,0.057192087173461914,1.0,0.8,3,l2,"{'clf__alpha': 1, 'vect__max_df': 0.8, 'vect__min_df': 3, 'vect__norm': 'l2'}",0.6281578947368421,0.63,0.6290789473684211,0.0009210526315789336,13
108,0.452272891998291,0.15627694129943848,0.2477961778640747,0.08279311656951904,1.0,0.8,5,l1,"{'clf__alpha': 1, 'vect__max_df': 0.8, 'vect__min_df': 5, 'vect__norm': 'l1'}",0.18394736842105264,0.18947368421052632,0.1867105263157895,0.002763157894736842,121
109,0.3959265947341919,0.11488163471221924,0.32214033603668213,0.16770637035369873,1.0,0.8,5,l2,"{'clf__alpha': 1, 'vect__max_df': 0.8, 'vect__min_df': 5, 'vect__norm': 'l2'}",0.6313157894736842,0.6381578947368421,0.6347368421052632,0.0034210526315789913,10
110,0.32216131687164307,0.06308209896087646,0.25214695930480957,0.03226757049560547,1.0,0.8,10,l1,"{'clf__alpha': 1, 'vect__max_df': 0.8, 'vect__min_df': 10, 'vect__norm': 'l1'}",0.2797368421052632,0.28526315789473683,0.2825,0.0027631578947368285,112
111,0.34061169624328613,0.026523351669311523,0.2967081069946289,0.11480021476745605,1.0,0.8,10,l2,"{'clf__alpha': 1, 'vect__max_df': 0.8, 'vect__min_df': 10, 'vect__norm': 'l2'}",0.6228947368421053,0.6086842105263158,0.6157894736842106,0.007105263157894726,19
112,0.26974689960479736,0.031900763511657715,0.33597445487976074,0.022735595703125,1.0,1.0,1,l1,"{'clf__alpha': 1, 'vect__max_df': 1.0, 'vect__min_df': 1, 'vect__norm': 'l1'}",0.11552631578947369,0.11605263157894737,0.11578947368421053,0.00026315789473684015,130
113,0.309251070022583,0.08298444747924805,0.43451976776123047,0.04065275192260742,1.0,1.0,1,l2,"{'clf__alpha': 1, 'vect__max_df': 1.0, 'vect__min_df': 1, 'vect__norm': 'l2'}",0.5594736842105263,0.5513157894736842,0.5553947368421053,0.004078947368421071,76
114,0.39959585666656494,0.04933750629425049,0.37409305572509766,0.11543965339660645,1.0,1.0,3,l1,"{'clf__alpha': 1, 'vect__max_df': 1.0, 'vect__min_df': 3, 'vect__norm': 'l1'}",0.1481578947368421,0.15210526315789474,0.15013157894736842,0.001973684210526322,127
115,0.5078318119049072,0.11649513244628906,0.34284210205078125,0.030372142791748047,1.0,1.0,3,l2,"{'clf__alpha': 1, 'vect__max_df': 1.0, 'vect__min_df': 3, 'vect__norm': 'l2'}",0.6281578947368421,0.63,0.6290789473684211,0.0009210526315789336,13
116,0.4091593027114868,0.13086092472076416,0.28910768032073975,0.030662178993225098,1.0,1.0,5,l1,"{'clf__alpha': 1, 'vect__max_df': 1.0, 'vect__min_df': 5, 'vect__norm': 'l1'}",0.18394736842105264,0.18947368421052632,0.1867105263157895,0.002763157894736842,121
117,0.35191214084625244,0.014739394187927246,0.2685180902481079,0.007160067558288574,1.0,1.0,5,l2,"{'clf__alpha': 1, 'vect__max_df': 1.0, 'vect__min_df': 5, 'vect__norm': 'l2'}",0.6313157894736842,0.6381578947368421,0.6347368421052632,0.0034210526315789913,10
118,0.35493433475494385,0.10090577602386475,0.27025043964385986,0.02142918109893799,1.0,1.0,10,l1,"{'clf__alpha': 1, 'vect__max_df': 1.0, 'vect__min_df': 10, 'vect__norm': 'l1'}",0.2797368421052632,0.28526315789473683,0.2825,0.0027631578947368285,112
119,0.487096905708313,0.11837780475616455,0.4226111173629761,0.07103288173675537,1.0,1.0,10,l2,"{'clf__alpha': 1, 'vect__max_df': 1.0, 'vect__min_df': 10, 'vect__norm': 'l2'}",0.6228947368421053,0.6086842105263158,0.6157894736842106,0.007105263157894726,19
120,0.6467905044555664,0.2004997730255127,0.4467247724533081,0.20450103282928467,10.0,0.6,1,l1,"{'clf__alpha': 10, 'vect__max_df': 0.6, 'vect__min_df': 1, 'vect__norm': 'l1'}",0.105,0.105,0.105,0.0,142
121,0.3143202066421509,0.050476670265197754,0.4898977279663086,0.09616613388061523,10.0,0.6,1,l2,"{'clf__alpha': 10, 'vect__max_df': 0.6, 'vect__min_df': 1, 'vect__norm': 'l2'}",0.1531578947368421,0.1581578947368421,0.1556578947368421,0.0025000000000000022,124
122,0.7457013130187988,0.04362344741821289,0.5473493337631226,0.051957011222839355,10.0,0.6,3,l1,"{'clf__alpha': 10, 'vect__max_df': 0.6, 'vect__min_df': 3, 'vect__norm': 'l1'}",0.105,0.10578947368421053,0.10539473684210526,0.00039473684210526716,139
123,0.9447188377380371,0.02041172981262207,0.561669111251831,0.07163834571838379,10.0,0.6,3,l2,"{'clf__alpha': 10, 'vect__max_df': 0.6, 'vect__min_df': 3, 'vect__norm': 'l2'}",0.20973684210526317,0.22394736842105264,0.2168421052631579,0.0071052631578947395,118
124,0.8295994997024536,0.0682295560836792,0.5839197635650635,0.21095943450927734,10.0,0.6,5,l1,"{'clf__alpha': 10, 'vect__max_df': 0.6, 'vect__min_df': 5, 'vect__norm': 'l1'}",0.10657894736842105,0.10605263157894737,0.10631578947368421,0.00026315789473684015,136
125,0.3593672513961792,0.05059397220611572,0.5273153781890869,0.1685776710510254,10.0,0.6,5,l2,"{'clf__alpha': 10, 'vect__max_df': 0.6, 'vect__min_df': 5, 'vect__norm': 'l2'}",0.24736842105263157,0.25973684210526315,0.25355263157894736,0.006184210526315792,115
126,0.5893521308898926,0.13097810745239258,0.5461326837539673,0.16578590869903564,10.0,0.6,10,l1,"{'clf__alpha': 10, 'vect__max_df': 0.6, 'vect__min_df': 10, 'vect__norm': 'l1'}",0.10842105263157895,0.10710526315789473,0.10776315789473684,0.0006578947368421073,133
127,0.49707961082458496,0.04273223876953125,0.6442731618881226,0.10946357250213623,10.0,0.6,10,l2,"{'clf__alpha': 10, 'vect__max_df': 0.6, 'vect__min_df': 10, 'vect__norm': 'l2'}",0.32421052631578945,0.3294736842105263,0.3268421052631579,0.0026315789473684292,109
128,0.7023597955703735,0.008971571922302246,0.3787202835083008,0.11745262145996094,10.0,0.8,1,l1,"{'clf__alpha': 10, 'vect__max_df': 0.8, 'vect__min_df': 1, 'vect__norm': 'l1'}",0.105,0.105,0.105,0.0,142
129,0.6224267482757568,0.10802626609802246,0.30173254013061523,0.03148818016052246,10.0,0.8,1,l2,"{'clf__alpha': 10, 'vect__max_df': 0.8, 'vect__min_df': 1, 'vect__norm': 'l2'}",0.1531578947368421,0.1581578947368421,0.1556578947368421,0.0025000000000000022,124
130,0.5750241279602051,0.0769352912902832,0.38317108154296875,0.005458354949951172,10.0,0.8,3,l1,"{'clf__alpha': 10, 'vect__max_df': 0.8, 'vect__min_df': 3, 'vect__norm': 'l1'}",0.105,0.10578947368421053,0.10539473684210526,0.00039473684210526716,139
131,0.5227429866790771,0.07250475883483887,0.3017094135284424,0.020539045333862305,10.0,0.8,3,l2,"{'clf__alpha': 10, 'vect__max_df': 0.8, 'vect__min_df': 3, 'vect__norm': 'l2'}",0.20973684210526317,0.22394736842105264,0.2168421052631579,0.0071052631578947395,118
132,0.4040311574935913,0.08835947513580322,0.2538642883300781,0.0773782730102539,10.0,0.8,5,l1,"{'clf__alpha': 10, 'vect__max_df': 0.8, 'vect__min_df': 5, 'vect__norm': 'l1'}",0.10657894736842105,0.10605263157894737,0.10631578947368421,0.00026315789473684015,136
133,0.30281710624694824,0.009939908981323242,0.24483966827392578,0.014255285263061523,10.0,0.8,5,l2,"{'clf__alpha': 10, 'vect__max_df': 0.8, 'vect__min_df': 5, 'vect__norm': 'l2'}",0.24736842105263157,0.25973684210526315,0.25355263157894736,0.006184210526315792,115
134,0.43703579902648926,0.0908656120300293,0.25351762771606445,0.08725309371948242,10.0,0.8,10,l1,"{'clf__alpha': 10, 'vect__max_df': 0.8, 'vect__min_df': 10, 'vect__norm': 'l1'}",0.10842105263157895,0.10710526315789473,0.10776315789473684,0.0006578947368421073,133
135,0.4735727310180664,0.005417823791503906,0.27283263206481934,0.0025784969329833984,10.0,0.8,10,l2,"{'clf__alpha': 10, 'vect__max_df': 0.8, 'vect__min_df': 10, 'vect__norm': 'l2'}",0.32421052631578945,0.3294736842105263,0.3268421052631579,0.0026315789473684292,109
136,0.46202778816223145,0.05670881271362305,0.20888292789459229,0.030423521995544434,10.0,1.0,1,l1,"{'clf__alpha': 10, 'vect__max_df': 1.0, 'vect__min_df': 1, 'vect__norm': 'l1'}",0.105,0.105,0.105,0.0,142
137,0.3385958671569824,0.03084874153137207,0.2716219425201416,0.019971370697021484,10.0,1.0,1,l2,"{'clf__alpha': 10, 'vect__max_df': 1.0, 'vect__min_df': 1, 'vect__norm': 'l2'}",0.1531578947368421,0.1581578947368421,0.1556578947368421,0.0025000000000000022,124
138,0.3901432752609253,0.015608429908752441,0.31610190868377686,0.05728185176849365,10.0,1.0,3,l1,"{'clf__alpha': 10, 'vect__max_df': 1.0, 'vect__min_df': 3, 'vect__norm': 'l1'}",0.105,0.10578947368421053,0.10539473684210526,0.00039473684210526716,139
139,0.30776703357696533,0.0383986234664917,0.31167423725128174,0.008910536766052246,10.0,1.0,3,l2,"{'clf__alpha': 10, 'vect__max_df': 1.0, 'vect__min_df': 3, 'vect__norm': 'l2'}",0.20973684210526317,0.22394736842105264,0.2168421052631579,0.0071052631578947395,118
140,0.4533301591873169,0.058291077613830566,0.18133974075317383,0.011370182037353516,10.0,1.0,5,l1,"{'clf__alpha': 10, 'vect__max_df': 1.0, 'vect__min_df': 5, 'vect__norm': 'l1'}",0.10657894736842105,0.10605263157894737,0.10631578947368421,0.00026315789473684015,136
141,0.33641016483306885,0.04121840000152588,0.30741584300994873,0.016285300254821777,10.0,1.0,5,l2,"{'clf__alpha': 10, 'vect__max_df': 1.0, 'vect__min_df': 5, 'vect__norm': 'l2'}",0.24736842105263157,0.25973684210526315,0.25355263157894736,0.006184210526315792,115
142,0.281785249710083,0.019545316696166992,0.34740519523620605,0.07187199592590332,10.0,1.0,10,l1,"{'clf__alpha': 10, 'vect__max_df': 1.0, 'vect__min_df': 10, 'vect__norm': 'l1'}",0.10842105263157895,0.10710526315789473,0.10776315789473684,0.0006578947368421073,133
143,0.2920811176300049,0.028002023696899414,0.2546727657318115,0.04088306427001953,10.0,1.0,10,l2,"{'clf__alpha': 10, 'vect__max_df': 1.0, 'vect__min_df': 10, 'vect__norm': 'l2'}",0.32421052631578945,0.3294736842105263,0.3268421052631579,0.0026315789473684292,109
144,0.5078685283660889,0.1421067714691162,0.30731117725372314,0.0008119344711303711,100.0,0.6,1,l1,"{'clf__alpha': 100, 'vect__max_df': 0.6, 'vect__min_df': 1, 'vect__norm': 'l1'}",0.105,0.105,0.105,0.0,142
145,0.31370723247528076,0.08413565158843994,0.3636077642440796,0.04584825038909912,100.0,0.6,1,l2,"{'clf__alpha': 100, 'vect__max_df': 0.6, 'vect__min_df': 1, 'vect__norm': 'l2'}",0.105,0.105,0.105,0.0,142
146,0.3001295328140259,0.08999979496002197,0.1700204610824585,0.001749873161315918,100.0,0.6,3,l1,"{'clf__alpha': 100, 'vect__max_df': 0.6, 'vect__min_df': 3, 'vect__norm': 'l1'}",0.105,0.105,0.105,0.0,142
147,0.2915322780609131,0.011775732040405273,0.870036244392395,0.41174113750457764,100.0,0.6,3,l2,"{'clf__alpha': 100, 'vect__max_df': 0.6, 'vect__min_df': 3, 'vect__norm': 'l2'}",0.105,0.105,0.105,0.0,142
148,0.4850348234176636,0.06653034687042236,1.3951987028121948,0.1514948606491089,100.0,0.6,5,l1,"{'clf__alpha': 100, 'vect__max_df': 0.6, 'vect__min_df': 5, 'vect__norm': 'l1'}",0.105,0.105,0.105,0.0,142
149,0.34118080139160156,0.12878203392028809,0.752678632736206,0.4509694576263428,100.0,0.6,5,l2,"{'clf__alpha': 100, 'vect__max_df': 0.6, 'vect__min_df': 5, 'vect__norm': 'l2'}",0.105,0.105,0.105,0.0,142
150,1.0901838541030884,0.02860438823699951,1.532888650894165,0.018240690231323242,100.0,0.6,10,l1,"{'clf__alpha': 100, 'vect__max_df': 0.6, 'vect__min_df': 10, 'vect__norm': 'l1'}",0.105,0.105,0.105,0.0,142
151,0.8535981178283691,0.5932216644287109,1.1642929315567017,0.30127131938934326,100.0,0.6,10,l2,"{'clf__alpha': 100, 'vect__max_df': 0.6, 'vect__min_df': 10, 'vect__norm': 'l2'}",0.105,0.105,0.105,0.0,142
152,1.977795124053955,0.1533679962158203,1.4076474905014038,0.30831944942474365,100.0,0.8,1,l1,"{'clf__alpha': 100, 'vect__max_df': 0.8, 'vect__min_df': 1, 'vect__norm': 'l1'}",0.105,0.105,0.105,0.0,142
153,1.8196804523468018,0.04888176918029785,1.5251902341842651,0.2238370180130005,100.0,0.8,1,l2,"{'clf__alpha': 100, 'vect__max_df': 0.8, 'vect__min_df': 1, 'vect__norm': 'l2'}",0.105,0.105,0.105,0.0,142
154,1.7364102602005005,0.10151207447052002,1.4824049472808838,0.42400264739990234,100.0,0.8,3,l1,"{'clf__alpha': 100, 'vect__max_df': 0.8, 'vect__min_df': 3, 'vect__norm': 'l1'}",0.105,0.105,0.105,0.0,142
155,1.437499761581421,0.0519099235534668,1.6682873964309692,0.05690014362335205,100.0,0.8,3,l2,"{'clf__alpha': 100, 'vect__max_df': 0.8, 'vect__min_df': 3, 'vect__norm': 'l2'}",0.105,0.105,0.105,0.0,142
156,1.562680721282959,0.2033672332763672,1.2103697061538696,0.06927883625030518,100.0,0.8,5,l1,"{'clf__alpha': 100, 'vect__max_df': 0.8, 'vect__min_df': 5, 'vect__norm': 'l1'}",0.105,0.105,0.105,0.0,142
157,1.699370265007019,0.17408430576324463,1.171879768371582,0.012535810470581055,100.0,0.8,5,l2,"{'clf__alpha': 100, 'vect__max_df': 0.8, 'vect__min_df': 5, 'vect__norm': 'l2'}",0.105,0.105,0.105,0.0,142
158,1.4940500259399414,0.016695261001586914,0.9523478746414185,0.11218512058258057,100.0,0.8,10,l1,"{'clf__alpha': 100, 'vect__max_df': 0.8, 'vect__min_df': 10, 'vect__norm': 'l1'}",0.105,0.105,0.105,0.0,142
159,1.3483750820159912,0.09151196479797363,1.1059030294418335,0.11176574230194092,100.0,0.8,10,l2,"{'clf__alpha': 100, 'vect__max_df': 0.8, 'vect__min_df': 10, 'vect__norm': 'l2'}",0.105,0.105,0.105,0.0,142
160,0.981277585029602,0.19403159618377686,1.150705337524414,0.10200929641723633,100.0,1.0,1,l1,"{'clf__alpha': 100, 'vect__max_df': 1.0, 'vect__min_df': 1, 'vect__norm': 'l1'}",0.105,0.105,0.105,0.0,142
161,1.4725713729858398,0.14865493774414062,1.5252779722213745,0.1897794008255005,100.0,1.0,1,l2,"{'clf__alpha': 100, 'vect__max_df': 1.0, 'vect__min_df': 1, 'vect__norm': 'l2'}",0.105,0.105,0.105,0.0,142
162,1.1828761100769043,0.08660483360290527,1.5816009044647217,0.011389017105102539,100.0,1.0,3,l1,"{'clf__alpha': 100, 'vect__max_df': 1.0, 'vect__min_df': 3, 'vect__norm': 'l1'}",0.105,0.105,0.105,0.0,142
163,1.6132417917251587,0.05160415172576904,1.255305528640747,0.28003358840942383,100.0,1.0,3,l2,"{'clf__alpha': 100, 'vect__max_df': 1.0, 'vect__min_df': 3, 'vect__norm': 'l2'}",0.105,0.105,0.105,0.0,142
164,1.8467873334884644,0.2002009153366089,1.0264211893081665,0.022773385047912598,100.0,1.0,5,l1,"{'clf__alpha': 100, 'vect__max_df': 1.0, 'vect__min_df': 5, 'vect__norm': 'l1'}",0.105,0.105,0.105,0.0,142
165,1.7582037448883057,0.24177885055541992,0.952484130859375,0.11731219291687012,100.0,1.0,5,l2,"{'clf__alpha': 100, 'vect__max_df': 1.0, 'vect__min_df': 5, 'vect__norm': 'l2'}",0.105,0.105,0.105,0.0,142
166,1.5307308435440063,0.255484938621521,0.7381525039672852,0.04041862487792969,100.0,1.0,10,l1,"{'clf__alpha': 100, 'vect__max_df': 1.0, 'vect__min_df': 10, 'vect__norm': 'l1'}",0.105,0.105,0.105,0.0,142
167,1.1040171384811401,0.11512196063995361,0.4193071126937866,0.09539639949798584,100.0,1.0,10,l2,"{'clf__alpha': 100, 'vect__max_df': 1.0, 'vect__min_df': 10, 'vect__norm': 'l2'}",0.105,0.105,0.105,0.0,142
168,1.0471919775009155,0.01797187328338623,0.1918795108795166,0.025884628295898438,1000.0,0.6,1,l1,"{'clf__alpha': 1000, 'vect__max_df': 0.6, 'vect__min_df': 1, 'vect__norm': 'l1'}",0.105,0.105,0.105,0.0,142
169,1.0936332941055298,0.09046709537506104,0.2661283016204834,0.02182173728942871,1000.0,0.6,1,l2,"{'clf__alpha': 1000, 'vect__max_df': 0.6, 'vect__min_df': 1, 'vect__norm': 'l2'}",0.105,0.105,0.105,0.0,142
170,0.4336099624633789,0.2074136734008789,0.33507418632507324,0.02082037925720215,1000.0,0.6,3,l1,"{'clf__alpha': 1000, 'vect__max_df': 0.6, 'vect__min_df': 3, 'vect__norm': 'l1'}",0.105,0.105,0.105,0.0,142
171,0.37235093116760254,0.15451955795288086,0.32806289196014404,0.05332648754119873,1000.0,0.6,3,l2,"{'clf__alpha': 1000, 'vect__max_df': 0.6, 'vect__min_df': 3, 'vect__norm': 'l2'}",0.105,0.105,0.105,0.0,142
172,0.3034471273422241,0.027377963066101074,0.36816585063934326,0.10808026790618896,1000.0,0.6,5,l1,"{'clf__alpha': 1000, 'vect__max_df': 0.6, 'vect__min_df': 5, 'vect__norm': 'l1'}",0.105,0.105,0.105,0.0,142
173,0.5366476774215698,0.09504544734954834,0.3132411241531372,0.15118706226348877,1000.0,0.6,5,l2,"{'clf__alpha': 1000, 'vect__max_df': 0.6, 'vect__min_df': 5, 'vect__norm': 'l2'}",0.105,0.105,0.105,0.0,142
174,0.24315118789672852,0.029287338256835938,0.27791547775268555,0.008826255798339844,1000.0,0.6,10,l1,"{'clf__alpha': 1000, 'vect__max_df': 0.6, 'vect__min_df': 10, 'vect__norm': 'l1'}",0.105,0.105,0.105,0.0,142
175,0.4421384334564209,0.0631873607635498,0.33668410778045654,0.0729600191116333,1000.0,0.6,10,l2,"{'clf__alpha': 1000, 'vect__max_df': 0.6, 'vect__min_df': 10, 'vect__norm': 'l2'}",0.105,0.105,0.105,0.0,142
176,0.4566289186477661,0.03339111804962158,0.25270187854766846,0.09165656566619873,1000.0,0.8,1,l1,"{'clf__alpha': 1000, 'vect__max_df': 0.8, 'vect__min_df': 1, 'vect__norm': 'l1'}",0.105,0.105,0.105,0.0,142
177,0.5549455881118774,0.1960221529006958,0.689820408821106,0.44159138202667236,1000.0,0.8,1,l2,"{'clf__alpha': 1000, 'vect__max_df': 0.8, 'vect__min_df': 1, 'vect__norm': 'l2'}",0.105,0.105,0.105,0.0,142
178,0.3694612979888916,0.1441645622253418,0.6273558139801025,0.28053808212280273,1000.0,0.8,3,l1,"{'clf__alpha': 1000, 'vect__max_df': 0.8, 'vect__min_df': 3, 'vect__norm': 'l1'}",0.105,0.105,0.105,0.0,142
179,0.42887187004089355,0.018836259841918945,1.1483728885650635,0.036255598068237305,1000.0,0.8,3,l2,"{'clf__alpha': 1000, 'vect__max_df': 0.8, 'vect__min_df': 3, 'vect__norm': 'l2'}",0.105,0.105,0.105,0.0,142
180,0.4884079694747925,0.02419602870941162,1.281835675239563,0.09804308414459229,1000.0,0.8,5,l1,"{'clf__alpha': 1000, 'vect__max_df': 0.8, 'vect__min_df': 5, 'vect__norm': 'l1'}",0.105,0.105,0.105,0.0,142
181,0.8483778238296509,0.21663391590118408,1.4859102964401245,0.14376604557037354,1000.0,0.8,5,l2,"{'clf__alpha': 1000, 'vect__max_df': 0.8, 'vect__min_df': 5, 'vect__norm': 'l2'}",0.105,0.105,0.105,0.0,142
182,0.8578647375106812,0.18992292881011963,1.194244384765625,0.37168383598327637,1000.0,0.8,10,l1,"{'clf__alpha': 1000, 'vect__max_df': 0.8, 'vect__min_df': 10, 'vect__norm': 'l1'}",0.105,0.105,0.105,0.0,142
183,1.1157386302947998,0.13413476943969727,1.5458781719207764,0.2548966407775879,1000.0,0.8,10,l2,"{'clf__alpha': 1000, 'vect__max_df': 0.8, 'vect__min_df': 10, 'vect__norm': 'l2'}",0.105,0.105,0.105,0.0,142
184,2.460912823677063,0.16478431224822998,2.0988922119140625,0.33991384506225586,1000.0,1.0,1,l1,"{'clf__alpha': 1000, 'vect__max_df': 1.0, 'vect__min_df': 1, 'vect__norm': 'l1'}",0.105,0.105,0.105,0.0,142
185,2.8741997480392456,0.3389955759048462,1.5884461402893066,0.10111117362976074,1000.0,1.0,1,l2,"{'clf__alpha': 1000, 'vect__max_df': 1.0, 'vect__min_df': 1, 'vect__norm': 'l2'}",0.105,0.105,0.105,0.0,142
186,2.7265220880508423,0.2748972177505493,1.2575910091400146,0.19599103927612305,1000.0,1.0,3,l1,"{'clf__alpha': 1000, 'vect__max_df': 1.0, 'vect__min_df': 3, 'vect__norm': 'l1'}",0.105,0.105,0.105,0.0,142
187,2.2282575368881226,0.6413525342941284,1.5419799089431763,0.33307135105133057,1000.0,1.0,3,l2,"{'clf__alpha': 1000, 'vect__max_df': 1.0, 'vect__min_df': 3, 'vect__norm': 'l2'}",0.105,0.105,0.105,0.0,142
188,2.6130605936050415,0.083778977394104,1.2989466190338135,0.07884931564331055,1000.0,1.0,5,l1,"{'clf__alpha': 1000, 'vect__max_df': 1.0, 'vect__min_df': 5, 'vect__norm': 'l1'}",0.105,0.105,0.105,0.0,142
189,2.350005865097046,0.04401707649230957,1.4028475284576416,0.06321430206298828,1000.0,1.0,5,l2,"{'clf__alpha': 1000, 'vect__max_df': 1.0, 'vect__min_df': 5, 'vect__norm': 'l2'}",0.105,0.105,0.105,0.0,142
190,1.3436055183410645,0.0574951171875,0.2567141056060791,0.017858505249023438,1000.0,1.0,10,l1,"{'clf__alpha': 1000, 'vect__max_df': 1.0, 'vect__min_df': 10, 'vect__norm': 'l1'}",0.105,0.105,0.105,0.0,142
191,0.6521974802017212,0.14870941638946533,0.157220721244812,0.0018135309219360352,1000.0,1.0,10,l2,"{'clf__alpha': 1000, 'vect__max_df': 1.0, 'vect__min_df': 10, 'vect__norm': 'l2'}",0.105,0.105,0.105,0.0,142
