,mean_fit_time,std_fit_time,mean_score_time,std_score_time,param_clf__C,param_clf__solver,param_vect__max_df,param_vect__min_df,param_vect__norm,params,split0_test_score,split1_test_score,mean_test_score,std_test_score,rank_test_score
0,0.2219909429550171,0.0065108537673950195,0.09670305252075195,0.006013631820678711,0.001,lbfgs,0.6,1,l1,"{'clf__C': 0.001, 'clf__solver': 'lbfgs', 'vect__max_df': 0.6, 'vect__min_df': 1, 'vect__norm': 'l1'}",0.23615384615384616,0.2923076923076923,0.26423076923076927,0.028076923076923083,177
1,0.24980449676513672,0.01027226448059082,0.0974740982055664,0.005771160125732422,0.001,lbfgs,0.6,1,l2,"{'clf__C': 0.001, 'clf__solver': 'lbfgs', 'vect__max_df': 0.6, 'vect__min_df': 1, 'vect__norm': 'l2'}",0.2673076923076923,0.315,0.29115384615384615,0.02384615384615385,165
2,0.1533421277999878,0.0125807523727417,0.11363232135772705,0.013416647911071777,0.001,lbfgs,0.6,3,l1,"{'clf__C': 0.001, 'clf__solver': 'lbfgs', 'vect__max_df': 0.6, 'vect__min_df': 3, 'vect__norm': 'l1'}",0.24269230769230768,0.29615384615384616,0.26942307692307693,0.02673076923076924,169
3,0.15637171268463135,0.004737257957458496,0.10862195491790771,0.001106858253479004,0.001,lbfgs,0.6,3,l2,"{'clf__C': 0.001, 'clf__solver': 'lbfgs', 'vect__max_df': 0.6, 'vect__min_df': 3, 'vect__norm': 'l2'}",0.27807692307692305,0.3173076923076923,0.2976923076923077,0.019615384615384618,157
4,0.16228079795837402,0.018113374710083008,0.0931999683380127,0.00849461555480957,0.001,lbfgs,0.6,5,l1,"{'clf__C': 0.001, 'clf__solver': 'lbfgs', 'vect__max_df': 0.6, 'vect__min_df': 5, 'vect__norm': 'l1'}",0.24307692307692308,0.2919230769230769,0.26749999999999996,0.02442307692307691,173
5,0.1323699951171875,0.00042939186096191406,0.09703707695007324,0.00769495964050293,0.001,lbfgs,0.6,5,l2,"{'clf__C': 0.001, 'clf__solver': 'lbfgs', 'vect__max_df': 0.6, 'vect__min_df': 5, 'vect__norm': 'l2'}",0.28115384615384614,0.3176923076923077,0.2994230769230769,0.018269230769230788,151
6,0.23291003704071045,0.0032171010971069336,0.10310637950897217,0.004008173942565918,0.001,lbfgs,0.8,1,l1,"{'clf__C': 0.001, 'clf__solver': 'lbfgs', 'vect__max_df': 0.8, 'vect__min_df': 1, 'vect__norm': 'l1'}",0.23615384615384616,0.2923076923076923,0.26423076923076927,0.028076923076923083,177
7,0.24630093574523926,0.0052623748779296875,0.11738979816436768,0.00827944278717041,0.001,lbfgs,0.8,1,l2,"{'clf__C': 0.001, 'clf__solver': 'lbfgs', 'vect__max_df': 0.8, 'vect__min_df': 1, 'vect__norm': 'l2'}",0.2673076923076923,0.315,0.29115384615384615,0.02384615384615385,165
8,0.14744925498962402,0.0060138702392578125,0.10738503932952881,0.0042618513107299805,0.001,lbfgs,0.8,3,l1,"{'clf__C': 0.001, 'clf__solver': 'lbfgs', 'vect__max_df': 0.8, 'vect__min_df': 3, 'vect__norm': 'l1'}",0.24269230769230768,0.29615384615384616,0.26942307692307693,0.02673076923076924,169
9,0.165108323097229,0.0037740468978881836,0.09203898906707764,0.0032912492752075195,0.001,lbfgs,0.8,3,l2,"{'clf__C': 0.001, 'clf__solver': 'lbfgs', 'vect__max_df': 0.8, 'vect__min_df': 3, 'vect__norm': 'l2'}",0.27807692307692305,0.3173076923076923,0.2976923076923077,0.019615384615384618,157
10,0.13860082626342773,0.003720521926879883,0.09564876556396484,0.00668025016784668,0.001,lbfgs,0.8,5,l1,"{'clf__C': 0.001, 'clf__solver': 'lbfgs', 'vect__max_df': 0.8, 'vect__min_df': 5, 'vect__norm': 'l1'}",0.24307692307692308,0.2919230769230769,0.26749999999999996,0.02442307692307691,173
11,0.1489853858947754,0.014701604843139648,0.09591507911682129,0.0071027278900146484,0.001,lbfgs,0.8,5,l2,"{'clf__C': 0.001, 'clf__solver': 'lbfgs', 'vect__max_df': 0.8, 'vect__min_df': 5, 'vect__norm': 'l2'}",0.28115384615384614,0.3176923076923077,0.2994230769230769,0.018269230769230788,151
12,0.20168030261993408,0.00858771800994873,0.13083279132843018,0.03267323970794678,0.001,liblinear,0.6,1,l1,"{'clf__C': 0.001, 'clf__solver': 'liblinear', 'vect__max_df': 0.6, 'vect__min_df': 1, 'vect__norm': 'l1'}",0.2603846153846154,0.32,0.2901923076923077,0.029807692307692313,167
13,0.16993391513824463,0.0021027326583862305,0.09455394744873047,0.006063699722290039,0.001,liblinear,0.6,1,l2,"{'clf__C': 0.001, 'clf__solver': 'liblinear', 'vect__max_df': 0.6, 'vect__min_df': 1, 'vect__norm': 'l2'}",0.525,0.5376923076923077,0.5313461538461539,0.006346153846153835,149
14,0.1431823968887329,0.004585862159729004,0.11290788650512695,0.01987934112548828,0.001,liblinear,0.6,3,l1,"{'clf__C': 0.001, 'clf__solver': 'liblinear', 'vect__max_df': 0.6, 'vect__min_df': 3, 'vect__norm': 'l1'}",0.26692307692307693,0.32346153846153847,0.2951923076923077,0.02826923076923077,161
15,0.1576615571975708,0.0031534433364868164,0.10644805431365967,0.022999882698059082,0.001,liblinear,0.6,3,l2,"{'clf__C': 0.001, 'clf__solver': 'liblinear', 'vect__max_df': 0.6, 'vect__min_df': 3, 'vect__norm': 'l2'}",0.5734615384615385,0.568076923076923,0.5707692307692307,0.002692307692307716,141
16,0.14548659324645996,0.0004913806915283203,0.14208853244781494,0.05763685703277588,0.001,liblinear,0.6,5,l1,"{'clf__C': 0.001, 'clf__solver': 'liblinear', 'vect__max_df': 0.6, 'vect__min_df': 5, 'vect__norm': 'l1'}",0.2746153846153846,0.3173076923076923,0.29596153846153844,0.021346153846153848,159
17,0.21891319751739502,0.039513230323791504,0.16981589794158936,0.031372666358947754,0.001,liblinear,0.6,5,l2,"{'clf__C': 0.001, 'clf__solver': 'liblinear', 'vect__max_df': 0.6, 'vect__min_df': 5, 'vect__norm': 'l2'}",0.5907692307692308,0.5876923076923077,0.5892307692307692,0.001538461538461544,139
18,0.15668368339538574,0.0064105987548828125,0.08609044551849365,0.0008553266525268555,0.001,liblinear,0.8,1,l1,"{'clf__C': 0.001, 'clf__solver': 'liblinear', 'vect__max_df': 0.8, 'vect__min_df': 1, 'vect__norm': 'l1'}",0.2603846153846154,0.32,0.2901923076923077,0.029807692307692313,167
19,0.19806337356567383,0.023441791534423828,0.09534251689910889,0.004618048667907715,0.001,liblinear,0.8,1,l2,"{'clf__C': 0.001, 'clf__solver': 'liblinear', 'vect__max_df': 0.8, 'vect__min_df': 1, 'vect__norm': 'l2'}",0.525,0.5376923076923077,0.5313461538461539,0.006346153846153835,149
20,0.16165411472320557,0.007500052452087402,0.10199904441833496,0.014789581298828125,0.001,liblinear,0.8,3,l1,"{'clf__C': 0.001, 'clf__solver': 'liblinear', 'vect__max_df': 0.8, 'vect__min_df': 3, 'vect__norm': 'l1'}",0.26692307692307693,0.32346153846153847,0.2951923076923077,0.02826923076923077,161
21,0.1592423915863037,0.009740591049194336,0.10396349430084229,0.012522101402282715,0.001,liblinear,0.8,3,l2,"{'clf__C': 0.001, 'clf__solver': 'liblinear', 'vect__max_df': 0.8, 'vect__min_df': 3, 'vect__norm': 'l2'}",0.5734615384615385,0.568076923076923,0.5707692307692307,0.002692307692307716,141
22,0.16567683219909668,0.012703180313110352,0.09265220165252686,0.002222418785095215,0.001,liblinear,0.8,5,l1,"{'clf__C': 0.001, 'clf__solver': 'liblinear', 'vect__max_df': 0.8, 'vect__min_df': 5, 'vect__norm': 'l1'}",0.2746153846153846,0.3173076923076923,0.29596153846153844,0.021346153846153848,159
23,0.1538846492767334,0.02351689338684082,0.09241926670074463,0.00019824504852294922,0.001,liblinear,0.8,5,l2,"{'clf__C': 0.001, 'clf__solver': 'liblinear', 'vect__max_df': 0.8, 'vect__min_df': 5, 'vect__norm': 'l2'}",0.5907692307692308,0.5876923076923077,0.5892307692307692,0.001538461538461544,139
24,0.2408761978149414,0.0049173831939697266,0.10703682899475098,0.0026683807373046875,0.001,newton-cg,0.6,1,l1,"{'clf__C': 0.001, 'clf__solver': 'newton-cg', 'vect__max_df': 0.6, 'vect__min_df': 1, 'vect__norm': 'l1'}",0.23615384615384616,0.2919230769230769,0.26403846153846156,0.02788461538461537,179
25,0.2027808427810669,0.0008357763290405273,0.0959395170211792,0.0057517290115356445,0.001,newton-cg,0.6,1,l2,"{'clf__C': 0.001, 'clf__solver': 'newton-cg', 'vect__max_df': 0.6, 'vect__min_df': 1, 'vect__norm': 'l2'}",0.2676923076923077,0.315,0.2913461538461538,0.023653846153846164,163
26,0.13876521587371826,5.602836608886719e-06,0.08896923065185547,0.001234292984008789,0.001,newton-cg,0.6,3,l1,"{'clf__C': 0.001, 'clf__solver': 'newton-cg', 'vect__max_df': 0.6, 'vect__min_df': 3, 'vect__norm': 'l1'}",0.24192307692307694,0.29615384615384616,0.26903846153846156,0.02711538461538461,171
27,0.1671459674835205,0.023311614990234375,0.0907512903213501,0.001564621925354004,0.001,newton-cg,0.6,3,l2,"{'clf__C': 0.001, 'clf__solver': 'newton-cg', 'vect__max_df': 0.6, 'vect__min_df': 3, 'vect__norm': 'l2'}",0.27807692307692305,0.31884615384615383,0.29846153846153844,0.02038461538461539,155
28,0.1501142978668213,0.008258342742919922,0.09540534019470215,0.01108551025390625,0.001,newton-cg,0.6,5,l1,"{'clf__C': 0.001, 'clf__solver': 'newton-cg', 'vect__max_df': 0.6, 'vect__min_df': 5, 'vect__norm': 'l1'}",0.2423076923076923,0.2919230769230769,0.2671153846153846,0.024807692307692294,175
29,0.13592112064361572,0.004503607749938965,0.09788322448730469,0.002492189407348633,0.001,newton-cg,0.6,5,l2,"{'clf__C': 0.001, 'clf__solver': 'newton-cg', 'vect__max_df': 0.6, 'vect__min_df': 5, 'vect__norm': 'l2'}",0.2815384615384615,0.3173076923076923,0.2994230769230769,0.017884615384615388,151
30,0.23317277431488037,0.0037642717361450195,0.10641288757324219,0.013247251510620117,0.001,newton-cg,0.8,1,l1,"{'clf__C': 0.001, 'clf__solver': 'newton-cg', 'vect__max_df': 0.8, 'vect__min_df': 1, 'vect__norm': 'l1'}",0.23615384615384616,0.2919230769230769,0.26403846153846156,0.02788461538461537,179
31,0.22684895992279053,0.013089776039123535,0.09108185768127441,0.003996133804321289,0.001,newton-cg,0.8,1,l2,"{'clf__C': 0.001, 'clf__solver': 'newton-cg', 'vect__max_df': 0.8, 'vect__min_df': 1, 'vect__norm': 'l2'}",0.2676923076923077,0.315,0.2913461538461538,0.023653846153846164,163
32,0.16487538814544678,0.010779976844787598,0.10322308540344238,0.010525226593017578,0.001,newton-cg,0.8,3,l1,"{'clf__C': 0.001, 'clf__solver': 'newton-cg', 'vect__max_df': 0.8, 'vect__min_df': 3, 'vect__norm': 'l1'}",0.24192307692307694,0.29615384615384616,0.26903846153846156,0.02711538461538461,171
33,0.1340034008026123,0.007021427154541016,0.09576129913330078,0.002988100051879883,0.001,newton-cg,0.8,3,l2,"{'clf__C': 0.001, 'clf__solver': 'newton-cg', 'vect__max_df': 0.8, 'vect__min_df': 3, 'vect__norm': 'l2'}",0.27807692307692305,0.31884615384615383,0.29846153846153844,0.02038461538461539,155
34,0.152296781539917,0.006863832473754883,0.12264418601989746,0.03801226615905762,0.001,newton-cg,0.8,5,l1,"{'clf__C': 0.001, 'clf__solver': 'newton-cg', 'vect__max_df': 0.8, 'vect__min_df': 5, 'vect__norm': 'l1'}",0.2423076923076923,0.2919230769230769,0.2671153846153846,0.024807692307692294,175
35,0.14337313175201416,0.0029767751693725586,0.11006629467010498,0.017963290214538574,0.001,newton-cg,0.8,5,l2,"{'clf__C': 0.001, 'clf__solver': 'newton-cg', 'vect__max_df': 0.8, 'vect__min_df': 5, 'vect__norm': 'l2'}",0.2815384615384615,0.3173076923076923,0.2994230769230769,0.017884615384615388,151
36,0.5809013843536377,0.09471774101257324,0.1307305097579956,0.003768324851989746,0.1,lbfgs,0.6,1,l1,"{'clf__C': 0.1, 'clf__solver': 'lbfgs', 'vect__max_df': 0.6, 'vect__min_df': 1, 'vect__norm': 'l1'}",0.55,0.5492307692307692,0.5496153846153846,0.00038461538461542766,147
37,0.57977294921875,0.027679443359375,0.130517840385437,0.0149461030960083,0.1,lbfgs,0.6,1,l2,"{'clf__C': 0.1, 'clf__solver': 'lbfgs', 'vect__max_df': 0.6, 'vect__min_df': 1, 'vect__norm': 'l2'}",0.7688461538461538,0.7480769230769231,0.7584615384615385,0.010384615384615381,107
38,0.312383770942688,0.004034161567687988,0.14138877391815186,0.0050078630447387695,0.1,lbfgs,0.6,3,l1,"{'clf__C': 0.1, 'clf__solver': 'lbfgs', 'vect__max_df': 0.6, 'vect__min_df': 3, 'vect__norm': 'l1'}",0.6242307692307693,0.6053846153846154,0.6148076923076924,0.009423076923076923,135
39,0.2935537099838257,0.04641234874725342,0.11785721778869629,0.00446772575378418,0.1,lbfgs,0.6,3,l2,"{'clf__C': 0.1, 'clf__solver': 'lbfgs', 'vect__max_df': 0.6, 'vect__min_df': 3, 'vect__norm': 'l2'}",0.7746153846153846,0.7488461538461538,0.7617307692307692,0.012884615384615383,101
40,0.21504449844360352,0.03409075736999512,0.1299135684967041,0.00948643684387207,0.1,lbfgs,0.6,5,l1,"{'clf__C': 0.1, 'clf__solver': 'lbfgs', 'vect__max_df': 0.6, 'vect__min_df': 5, 'vect__norm': 'l1'}",0.6534615384615384,0.6392307692307693,0.6463461538461539,0.007115384615384579,129
41,0.24038708209991455,0.013057589530944824,0.13335609436035156,0.029120206832885742,0.1,lbfgs,0.6,5,l2,"{'clf__C': 0.1, 'clf__solver': 'lbfgs', 'vect__max_df': 0.6, 'vect__min_df': 5, 'vect__norm': 'l2'}",0.7646153846153846,0.7388461538461538,0.7517307692307692,0.012884615384615383,125
42,0.48693037033081055,0.030198335647583008,0.11113452911376953,0.0033910274505615234,0.1,lbfgs,0.8,1,l1,"{'clf__C': 0.1, 'clf__solver': 'lbfgs', 'vect__max_df': 0.8, 'vect__min_df': 1, 'vect__norm': 'l1'}",0.55,0.5492307692307692,0.5496153846153846,0.00038461538461542766,147
43,0.7324934005737305,0.05658984184265137,0.1290431022644043,0.03314971923828125,0.1,lbfgs,0.8,1,l2,"{'clf__C': 0.1, 'clf__solver': 'lbfgs', 'vect__max_df': 0.8, 'vect__min_df': 1, 'vect__norm': 'l2'}",0.7688461538461538,0.7480769230769231,0.7584615384615385,0.010384615384615381,107
44,0.23541009426116943,0.023741602897644043,0.10400593280792236,0.005162835121154785,0.1,lbfgs,0.8,3,l1,"{'clf__C': 0.1, 'clf__solver': 'lbfgs', 'vect__max_df': 0.8, 'vect__min_df': 3, 'vect__norm': 'l1'}",0.6242307692307693,0.6053846153846154,0.6148076923076924,0.009423076923076923,135
45,0.2990264892578125,0.015942096710205078,0.1012343168258667,0.008383631706237793,0.1,lbfgs,0.8,3,l2,"{'clf__C': 0.1, 'clf__solver': 'lbfgs', 'vect__max_df': 0.8, 'vect__min_df': 3, 'vect__norm': 'l2'}",0.7746153846153846,0.7488461538461538,0.7617307692307692,0.012884615384615383,101
46,0.1897052526473999,0.011638760566711426,0.1359388828277588,0.02751326560974121,0.1,lbfgs,0.8,5,l1,"{'clf__C': 0.1, 'clf__solver': 'lbfgs', 'vect__max_df': 0.8, 'vect__min_df': 5, 'vect__norm': 'l1'}",0.6534615384615384,0.6392307692307693,0.6463461538461539,0.007115384615384579,129
47,0.21731960773468018,0.011969923973083496,0.14287126064300537,0.02912914752960205,0.1,lbfgs,0.8,5,l2,"{'clf__C': 0.1, 'clf__solver': 'lbfgs', 'vect__max_df': 0.8, 'vect__min_df': 5, 'vect__norm': 'l2'}",0.7646153846153846,0.7388461538461538,0.7517307692307692,0.012884615384615383,125
48,0.22401916980743408,0.005261540412902832,0.10580837726593018,0.008483529090881348,0.1,liblinear,0.6,1,l1,"{'clf__C': 0.1, 'clf__solver': 'liblinear', 'vect__max_df': 0.6, 'vect__min_df': 1, 'vect__norm': 'l1'}",0.5646153846153846,0.556923076923077,0.5607692307692308,0.0038461538461538325,143
49,0.25869035720825195,0.011999130249023438,0.09336328506469727,0.003846883773803711,0.1,liblinear,0.6,1,l2,"{'clf__C': 0.1, 'clf__solver': 'liblinear', 'vect__max_df': 0.6, 'vect__min_df': 1, 'vect__norm': 'l2'}",0.7684615384615384,0.7496153846153846,0.7590384615384616,0.009423076923076923,103
50,0.23541796207427979,0.03671395778656006,0.12221860885620117,0.01925182342529297,0.1,liblinear,0.6,3,l1,"{'clf__C': 0.1, 'clf__solver': 'liblinear', 'vect__max_df': 0.6, 'vect__min_df': 3, 'vect__norm': 'l1'}",0.6342307692307693,0.6273076923076923,0.6307692307692307,0.0034615384615384603,133
51,0.25234270095825195,0.03346538543701172,0.14574790000915527,0.005913972854614258,0.1,liblinear,0.6,3,l2,"{'clf__C': 0.1, 'clf__solver': 'liblinear', 'vect__max_df': 0.6, 'vect__min_df': 3, 'vect__norm': 'l2'}",0.7734615384615384,0.7511538461538462,0.7623076923076924,0.011153846153846125,97
52,0.19170093536376953,0.010275125503540039,0.1307145357131958,0.01994335651397705,0.1,liblinear,0.6,5,l1,"{'clf__C': 0.1, 'clf__solver': 'liblinear', 'vect__max_df': 0.6, 'vect__min_df': 5, 'vect__norm': 'l1'}",0.6596153846153846,0.6538461538461539,0.6567307692307692,0.0028846153846153744,127
53,0.18526387214660645,0.009294748306274414,0.10049664974212646,0.001499772071838379,0.1,liblinear,0.6,5,l2,"{'clf__C': 0.1, 'clf__solver': 'liblinear', 'vect__max_df': 0.6, 'vect__min_df': 5, 'vect__norm': 'l2'}",0.7638461538461538,0.7438461538461538,0.7538461538461538,0.010000000000000009,119
54,0.20841407775878906,0.004663228988647461,0.10004556179046631,0.0032614469528198242,0.1,liblinear,0.8,1,l1,"{'clf__C': 0.1, 'clf__solver': 'liblinear', 'vect__max_df': 0.8, 'vect__min_df': 1, 'vect__norm': 'l1'}",0.5646153846153846,0.556923076923077,0.5607692307692308,0.0038461538461538325,143
55,0.2400362491607666,0.020655393600463867,0.10039901733398438,0.002250194549560547,0.1,liblinear,0.8,1,l2,"{'clf__C': 0.1, 'clf__solver': 'liblinear', 'vect__max_df': 0.8, 'vect__min_df': 1, 'vect__norm': 'l2'}",0.7684615384615384,0.7496153846153846,0.7590384615384616,0.009423076923076923,103
56,0.21112465858459473,0.026208877563476562,0.0983501672744751,0.007127165794372559,0.1,liblinear,0.8,3,l1,"{'clf__C': 0.1, 'clf__solver': 'liblinear', 'vect__max_df': 0.8, 'vect__min_df': 3, 'vect__norm': 'l1'}",0.6342307692307693,0.6273076923076923,0.6307692307692307,0.0034615384615384603,133
57,0.19819557666778564,0.009772896766662598,0.08731734752655029,0.008516907691955566,0.1,liblinear,0.8,3,l2,"{'clf__C': 0.1, 'clf__solver': 'liblinear', 'vect__max_df': 0.8, 'vect__min_df': 3, 'vect__norm': 'l2'}",0.7734615384615384,0.7511538461538462,0.7623076923076924,0.011153846153846125,97
58,0.20147335529327393,0.004077315330505371,0.0917891263961792,0.0007952451705932617,0.1,liblinear,0.8,5,l1,"{'clf__C': 0.1, 'clf__solver': 'liblinear', 'vect__max_df': 0.8, 'vect__min_df': 5, 'vect__norm': 'l1'}",0.6596153846153846,0.6538461538461539,0.6567307692307692,0.0028846153846153744,127
59,0.20644748210906982,0.0035213232040405273,0.105155348777771,0.0020183324813842773,0.1,liblinear,0.8,5,l2,"{'clf__C': 0.1, 'clf__solver': 'liblinear', 'vect__max_df': 0.8, 'vect__min_df': 5, 'vect__norm': 'l2'}",0.7638461538461538,0.7438461538461538,0.7538461538461538,0.010000000000000009,119
60,0.23382532596588135,0.01352536678314209,0.0963207483291626,0.002490401268005371,0.1,newton-cg,0.6,1,l1,"{'clf__C': 0.1, 'clf__solver': 'newton-cg', 'vect__max_df': 0.6, 'vect__min_df': 1, 'vect__norm': 'l1'}",0.553076923076923,0.5515384615384615,0.5523076923076923,0.0007692307692307443,145
61,0.43191778659820557,0.005293011665344238,0.16038262844085693,0.062438130378723145,0.1,newton-cg,0.6,1,l2,"{'clf__C': 0.1, 'clf__solver': 'newton-cg', 'vect__max_df': 0.6, 'vect__min_df': 1, 'vect__norm': 'l2'}",0.7692307692307693,0.7480769230769231,0.7586538461538461,0.010576923076923095,105
62,0.20089590549468994,0.006529450416564941,0.10678541660308838,0.0045136213302612305,0.1,newton-cg,0.6,3,l1,"{'clf__C': 0.1, 'clf__solver': 'newton-cg', 'vect__max_df': 0.6, 'vect__min_df': 3, 'vect__norm': 'l1'}",0.6257692307692307,0.6038461538461538,0.6148076923076923,0.010961538461538467,137
63,0.23009729385375977,0.026188373565673828,0.12226343154907227,0.02750396728515625,0.1,newton-cg,0.6,3,l2,"{'clf__C': 0.1, 'clf__solver': 'newton-cg', 'vect__max_df': 0.6, 'vect__min_df': 3, 'vect__norm': 'l2'}",0.7746153846153846,0.7492307692307693,0.7619230769230769,0.01269230769230767,99
64,0.16635823249816895,0.010300636291503906,0.11880838871002197,0.0060263872146606445,0.1,newton-cg,0.6,5,l1,"{'clf__C': 0.1, 'clf__solver': 'newton-cg', 'vect__max_df': 0.6, 'vect__min_df': 5, 'vect__norm': 'l1'}",0.6542307692307693,0.6384615384615384,0.6463461538461539,0.007884615384615434,129
65,0.21192312240600586,0.004281044006347656,0.19128179550170898,0.02563643455505371,0.1,newton-cg,0.6,5,l2,"{'clf__C': 0.1, 'clf__solver': 'newton-cg', 'vect__max_df': 0.6, 'vect__min_df': 5, 'vect__norm': 'l2'}",0.7653846153846153,0.7388461538461538,0.7521153846153845,0.013269230769230755,123
66,0.27357912063598633,0.03049921989440918,0.12504565715789795,0.02640402317047119,0.1,newton-cg,0.8,1,l1,"{'clf__C': 0.1, 'clf__solver': 'newton-cg', 'vect__max_df': 0.8, 'vect__min_df': 1, 'vect__norm': 'l1'}",0.553076923076923,0.5515384615384615,0.5523076923076923,0.0007692307692307443,145
67,0.4827224016189575,0.041140198707580566,0.10613131523132324,0.002217531204223633,0.1,newton-cg,0.8,1,l2,"{'clf__C': 0.1, 'clf__solver': 'newton-cg', 'vect__max_df': 0.8, 'vect__min_df': 1, 'vect__norm': 'l2'}",0.7692307692307693,0.7480769230769231,0.7586538461538461,0.010576923076923095,105
68,0.23968875408172607,0.03426635265350342,0.11458110809326172,0.011429786682128906,0.1,newton-cg,0.8,3,l1,"{'clf__C': 0.1, 'clf__solver': 'newton-cg', 'vect__max_df': 0.8, 'vect__min_df': 3, 'vect__norm': 'l1'}",0.6257692307692307,0.6038461538461538,0.6148076923076923,0.010961538461538467,137
69,0.25159263610839844,0.026311874389648438,0.10940182209014893,0.005481123924255371,0.1,newton-cg,0.8,3,l2,"{'clf__C': 0.1, 'clf__solver': 'newton-cg', 'vect__max_df': 0.8, 'vect__min_df': 3, 'vect__norm': 'l2'}",0.7746153846153846,0.7492307692307693,0.7619230769230769,0.01269230769230767,99
70,0.19111227989196777,0.010538339614868164,0.09631669521331787,0.004486203193664551,0.1,newton-cg,0.8,5,l1,"{'clf__C': 0.1, 'clf__solver': 'newton-cg', 'vect__max_df': 0.8, 'vect__min_df': 5, 'vect__norm': 'l1'}",0.6542307692307693,0.6384615384615384,0.6463461538461539,0.007884615384615434,129
71,0.2118983268737793,0.007696628570556641,0.10508787631988525,0.0022715330123901367,0.1,newton-cg,0.8,5,l2,"{'clf__C': 0.1, 'clf__solver': 'newton-cg', 'vect__max_df': 0.8, 'vect__min_df': 5, 'vect__norm': 'l2'}",0.7653846153846153,0.7388461538461538,0.7521153846153845,0.013269230769230755,123
72,0.8264356851577759,0.03248870372772217,0.12090718746185303,0.0027428865432739258,1.0,lbfgs,0.6,1,l1,"{'clf__C': 1, 'clf__solver': 'lbfgs', 'vect__max_df': 0.6, 'vect__min_df': 1, 'vect__norm': 'l1'}",0.765,0.7457692307692307,0.7553846153846153,0.009615384615384637,117
73,1.1367064714431763,0.17759430408477783,0.13265478610992432,0.0137711763381958,1.0,lbfgs,0.6,1,l2,"{'clf__C': 1, 'clf__solver': 'lbfgs', 'vect__max_df': 0.6, 'vect__min_df': 1, 'vect__norm': 'l2'}",0.818076923076923,0.7942307692307692,0.8061538461538461,0.011923076923076925,35
74,0.33752989768981934,0.002737283706665039,0.11545157432556152,0.0060787200927734375,1.0,lbfgs,0.6,3,l1,"{'clf__C': 1, 'clf__solver': 'lbfgs', 'vect__max_df': 0.6, 'vect__min_df': 3, 'vect__norm': 'l1'}",0.78,0.7519230769230769,0.7659615384615385,0.014038461538461555,93
75,0.4467369318008423,0.013078570365905762,0.11302006244659424,0.007943511009216309,1.0,lbfgs,0.6,3,l2,"{'clf__C': 1, 'clf__solver': 'lbfgs', 'vect__max_df': 0.6, 'vect__min_df': 3, 'vect__norm': 'l2'}",0.8165384615384615,0.7938461538461539,0.8051923076923078,0.01134615384615384,41
76,0.3017083406448364,0.012040495872497559,0.10689759254455566,0.001508951187133789,1.0,lbfgs,0.6,5,l1,"{'clf__C': 1, 'clf__solver': 'lbfgs', 'vect__max_df': 0.6, 'vect__min_df': 5, 'vect__norm': 'l1'}",0.7711538461538462,0.7434615384615385,0.7573076923076923,0.013846153846153841,111
77,0.35866856575012207,0.005758047103881836,0.1403590440750122,0.03045356273651123,1.0,lbfgs,0.6,5,l2,"{'clf__C': 1, 'clf__solver': 'lbfgs', 'vect__max_df': 0.6, 'vect__min_df': 5, 'vect__norm': 'l2'}",0.803076923076923,0.7861538461538462,0.7946153846153846,0.00846153846153841,63
78,0.9352613687515259,0.02305781841278076,0.13895750045776367,0.005482673645019531,1.0,lbfgs,0.8,1,l1,"{'clf__C': 1, 'clf__solver': 'lbfgs', 'vect__max_df': 0.8, 'vect__min_df': 1, 'vect__norm': 'l1'}",0.765,0.7457692307692307,0.7553846153846153,0.009615384615384637,117
79,1.201842188835144,0.1001056432723999,0.1225743293762207,0.01704096794128418,1.0,lbfgs,0.8,1,l2,"{'clf__C': 1, 'clf__solver': 'lbfgs', 'vect__max_df': 0.8, 'vect__min_df': 1, 'vect__norm': 'l2'}",0.818076923076923,0.7942307692307692,0.8061538461538461,0.011923076923076925,35
80,0.417904257774353,0.02316606044769287,0.11750125885009766,0.0008213520050048828,1.0,lbfgs,0.8,3,l1,"{'clf__C': 1, 'clf__solver': 'lbfgs', 'vect__max_df': 0.8, 'vect__min_df': 3, 'vect__norm': 'l1'}",0.78,0.7519230769230769,0.7659615384615385,0.014038461538461555,93
81,0.4755697250366211,0.003798246383666992,0.13333427906036377,0.023299098014831543,1.0,lbfgs,0.8,3,l2,"{'clf__C': 1, 'clf__solver': 'lbfgs', 'vect__max_df': 0.8, 'vect__min_df': 3, 'vect__norm': 'l2'}",0.8165384615384615,0.7938461538461539,0.8051923076923078,0.01134615384615384,41
82,0.32573556900024414,0.00782322883605957,0.12494707107543945,0.026233911514282227,1.0,lbfgs,0.8,5,l1,"{'clf__C': 1, 'clf__solver': 'lbfgs', 'vect__max_df': 0.8, 'vect__min_df': 5, 'vect__norm': 'l1'}",0.7711538461538462,0.7434615384615385,0.7573076923076923,0.013846153846153841,111
83,0.3943251371383667,0.019551873207092285,0.12256872653961182,0.024381279945373535,1.0,lbfgs,0.8,5,l2,"{'clf__C': 1, 'clf__solver': 'lbfgs', 'vect__max_df': 0.8, 'vect__min_df': 5, 'vect__norm': 'l2'}",0.803076923076923,0.7861538461538462,0.7946153846153846,0.00846153846153841,63
84,0.3191767930984497,0.002043604850769043,0.11932694911956787,0.005529284477233887,1.0,liblinear,0.6,1,l1,"{'clf__C': 1, 'clf__solver': 'liblinear', 'vect__max_df': 0.6, 'vect__min_df': 1, 'vect__norm': 'l1'}",0.7626923076923077,0.745,0.7538461538461538,0.008846153846153837,119
85,0.33523833751678467,0.019286274909973145,0.14381301403045654,0.02765834331512451,1.0,liblinear,0.6,1,l2,"{'clf__C': 1, 'clf__solver': 'liblinear', 'vect__max_df': 0.6, 'vect__min_df': 1, 'vect__norm': 'l2'}",0.816923076923077,0.7907692307692308,0.8038461538461539,0.013076923076923097,43
86,0.2517279386520386,0.011469244956970215,0.1525261402130127,0.012137651443481445,1.0,liblinear,0.6,3,l1,"{'clf__C': 1, 'clf__solver': 'liblinear', 'vect__max_df': 0.6, 'vect__min_df': 3, 'vect__norm': 'l1'}",0.7776923076923077,0.7507692307692307,0.7642307692307693,0.01346153846153847,95
87,0.2694740295410156,0.019459962844848633,0.10408687591552734,8.177757263183594e-05,1.0,liblinear,0.6,3,l2,"{'clf__C': 1, 'clf__solver': 'liblinear', 'vect__max_df': 0.6, 'vect__min_df': 3, 'vect__norm': 'l2'}",0.813076923076923,0.7876923076923077,0.8003846153846154,0.01269230769230767,55
88,0.24584853649139404,0.022559523582458496,0.09867024421691895,0.014024734497070312,1.0,liblinear,0.6,5,l1,"{'clf__C': 1, 'clf__solver': 'liblinear', 'vect__max_df': 0.6, 'vect__min_df': 5, 'vect__norm': 'l1'}",0.7715384615384615,0.7426923076923077,0.7571153846153846,0.014423076923076927,113
89,0.28871583938598633,0.018635988235473633,0.10241413116455078,0.007086038589477539,1.0,liblinear,0.6,5,l2,"{'clf__C': 1, 'clf__solver': 'liblinear', 'vect__max_df': 0.6, 'vect__min_df': 5, 'vect__norm': 'l2'}",0.801923076923077,0.7811538461538462,0.7915384615384615,0.010384615384615381,73
90,0.2671443223953247,0.007206559181213379,0.11128222942352295,0.018117070198059082,1.0,liblinear,0.8,1,l1,"{'clf__C': 1, 'clf__solver': 'liblinear', 'vect__max_df': 0.8, 'vect__min_df': 1, 'vect__norm': 'l1'}",0.7626923076923077,0.745,0.7538461538461538,0.008846153846153837,119
91,0.3074136972427368,0.0041266679763793945,0.09518182277679443,0.004993557929992676,1.0,liblinear,0.8,1,l2,"{'clf__C': 1, 'clf__solver': 'liblinear', 'vect__max_df': 0.8, 'vect__min_df': 1, 'vect__norm': 'l2'}",0.816923076923077,0.7907692307692308,0.8038461538461539,0.013076923076923097,43
92,0.2088472843170166,0.012726545333862305,0.08688521385192871,0.0027577877044677734,1.0,liblinear,0.8,3,l1,"{'clf__C': 1, 'clf__solver': 'liblinear', 'vect__max_df': 0.8, 'vect__min_df': 3, 'vect__norm': 'l1'}",0.7776923076923077,0.7507692307692307,0.7642307692307693,0.01346153846153847,95
93,0.2374413013458252,0.019544601440429688,0.09094083309173584,0.004253983497619629,1.0,liblinear,0.8,3,l2,"{'clf__C': 1, 'clf__solver': 'liblinear', 'vect__max_df': 0.8, 'vect__min_df': 3, 'vect__norm': 'l2'}",0.813076923076923,0.7876923076923077,0.8003846153846154,0.01269230769230767,55
94,0.20901978015899658,0.014524340629577637,0.09045159816741943,0.00577700138092041,1.0,liblinear,0.8,5,l1,"{'clf__C': 1, 'clf__solver': 'liblinear', 'vect__max_df': 0.8, 'vect__min_df': 5, 'vect__norm': 'l1'}",0.7715384615384615,0.7426923076923077,0.7571153846153846,0.014423076923076927,113
95,0.1981358528137207,0.00025463104248046875,0.10154950618743896,0.01404726505279541,1.0,liblinear,0.8,5,l2,"{'clf__C': 1, 'clf__solver': 'liblinear', 'vect__max_df': 0.8, 'vect__min_df': 5, 'vect__norm': 'l2'}",0.801923076923077,0.7811538461538462,0.7915384615384615,0.010384615384615381,73
96,0.40506303310394287,0.02835690975189209,0.1215977668762207,0.012850284576416016,1.0,newton-cg,0.6,1,l1,"{'clf__C': 1, 'clf__solver': 'newton-cg', 'vect__max_df': 0.6, 'vect__min_df': 1, 'vect__norm': 'l1'}",0.765,0.7469230769230769,0.7559615384615385,0.00903846153846155,115
97,0.5502772331237793,0.0009076595306396484,0.2411724328994751,0.07981240749359131,1.0,newton-cg,0.6,1,l2,"{'clf__C': 1, 'clf__solver': 'newton-cg', 'vect__max_df': 0.6, 'vect__min_df': 1, 'vect__norm': 'l2'}",0.816923076923077,0.7946153846153846,0.8057692307692308,0.01115384615384618,37
98,0.20415914058685303,0.024373173713684082,0.10152912139892578,0.0003306865692138672,1.0,newton-cg,0.6,3,l1,"{'clf__C': 1, 'clf__solver': 'newton-cg', 'vect__max_df': 0.6, 'vect__min_df': 3, 'vect__norm': 'l1'}",0.7788461538461539,0.7538461538461538,0.7663461538461538,0.012500000000000011,91
99,0.231947660446167,0.013961315155029297,0.0997840166091919,0.006198287010192871,1.0,newton-cg,0.6,3,l2,"{'clf__C': 1, 'clf__solver': 'newton-cg', 'vect__max_df': 0.6, 'vect__min_df': 3, 'vect__norm': 'l2'}",0.8173076923076923,0.7934615384615384,0.8053846153846154,0.011923076923076925,39
100,0.20310211181640625,0.00469517707824707,0.10171401500701904,0.005008816719055176,1.0,newton-cg,0.6,5,l1,"{'clf__C': 1, 'clf__solver': 'newton-cg', 'vect__max_df': 0.6, 'vect__min_df': 5, 'vect__norm': 'l1'}",0.7711538461538462,0.7442307692307693,0.7576923076923077,0.01346153846153847,109
101,0.23734807968139648,0.0013027191162109375,0.158624529838562,0.06081211566925049,1.0,newton-cg,0.6,5,l2,"{'clf__C': 1, 'clf__solver': 'newton-cg', 'vect__max_df': 0.6, 'vect__min_df': 5, 'vect__norm': 'l2'}",0.803076923076923,0.7853846153846153,0.7942307692307692,0.008846153846153837,65
102,0.9287278652191162,0.0537564754486084,0.3776240348815918,0.04421877861022949,1.0,newton-cg,0.8,1,l1,"{'clf__C': 1, 'clf__solver': 'newton-cg', 'vect__max_df': 0.8, 'vect__min_df': 1, 'vect__norm': 'l1'}",0.765,0.7469230769230769,0.7559615384615385,0.00903846153846155,115
103,1.2939279079437256,0.0956578254699707,0.35158753395080566,0.016210079193115234,1.0,newton-cg,0.8,1,l2,"{'clf__C': 1, 'clf__solver': 'newton-cg', 'vect__max_df': 0.8, 'vect__min_df': 1, 'vect__norm': 'l2'}",0.816923076923077,0.7946153846153846,0.8057692307692308,0.01115384615384618,37
104,0.43120765686035156,0.04891180992126465,0.32076501846313477,0.012574911117553711,1.0,newton-cg,0.8,3,l1,"{'clf__C': 1, 'clf__solver': 'newton-cg', 'vect__max_df': 0.8, 'vect__min_df': 3, 'vect__norm': 'l1'}",0.7788461538461539,0.7538461538461538,0.7663461538461538,0.012500000000000011,91
105,0.5331158638000488,0.012845754623413086,0.2686837911605835,0.011149287223815918,1.0,newton-cg,0.8,3,l2,"{'clf__C': 1, 'clf__solver': 'newton-cg', 'vect__max_df': 0.8, 'vect__min_df': 3, 'vect__norm': 'l2'}",0.8173076923076923,0.7934615384615384,0.8053846153846154,0.011923076923076925,39
106,0.5486729145050049,0.07303428649902344,0.3365124464035034,0.06878674030303955,1.0,newton-cg,0.8,5,l1,"{'clf__C': 1, 'clf__solver': 'newton-cg', 'vect__max_df': 0.8, 'vect__min_df': 5, 'vect__norm': 'l1'}",0.7711538461538462,0.7442307692307693,0.7576923076923077,0.01346153846153847,109
107,0.6377425193786621,0.011105775833129883,0.3945270776748657,0.03146970272064209,1.0,newton-cg,0.8,5,l2,"{'clf__C': 1, 'clf__solver': 'newton-cg', 'vect__max_df': 0.8, 'vect__min_df': 5, 'vect__norm': 'l2'}",0.803076923076923,0.7853846153846153,0.7942307692307692,0.008846153846153837,65
108,5.065044164657593,0.4074971675872803,0.1818850040435791,0.0023114681243896484,10.0,lbfgs,0.6,1,l1,"{'clf__C': 10, 'clf__solver': 'lbfgs', 'vect__max_df': 0.6, 'vect__min_df': 1, 'vect__norm': 'l1'}",0.815,0.7884615384615384,0.8017307692307691,0.013269230769230755,49
109,5.1959311962127686,0.14960432052612305,0.19088530540466309,0.012181758880615234,10.0,lbfgs,0.6,1,l2,"{'clf__C': 10, 'clf__solver': 'lbfgs', 'vect__max_df': 0.6, 'vect__min_df': 1, 'vect__norm': 'l2'}",0.8319230769230769,0.8165384615384615,0.8242307692307692,0.007692307692307665,17
110,2.4037885665893555,0.10204720497131348,0.40320706367492676,0.002527952194213867,10.0,lbfgs,0.6,3,l1,"{'clf__C': 10, 'clf__solver': 'lbfgs', 'vect__max_df': 0.6, 'vect__min_df': 3, 'vect__norm': 'l1'}",0.82,0.7938461538461539,0.8069230769230769,0.013076923076923042,33
111,2.601340174674988,0.011133551597595215,0.5622589588165283,0.0016040802001953125,10.0,lbfgs,0.6,3,l2,"{'clf__C': 10, 'clf__solver': 'lbfgs', 'vect__max_df': 0.6, 'vect__min_df': 3, 'vect__norm': 'l2'}",0.823076923076923,0.7988461538461539,0.8109615384615385,0.012115384615384583,27
112,2.5776567459106445,0.2253575325012207,0.409023642539978,0.21693360805511475,10.0,lbfgs,0.6,5,l1,"{'clf__C': 10, 'clf__solver': 'lbfgs', 'vect__max_df': 0.6, 'vect__min_df': 5, 'vect__norm': 'l1'}",0.801923076923077,0.7838461538461539,0.7928846153846154,0.00903846153846155,67
113,2.185176968574524,0.07305443286895752,0.5697934627532959,0.03274989128112793,10.0,lbfgs,0.6,5,l2,"{'clf__C': 10, 'clf__solver': 'lbfgs', 'vect__max_df': 0.6, 'vect__min_df': 5, 'vect__norm': 'l2'}",0.7953846153846154,0.7780769230769231,0.7867307692307692,0.008653846153846123,81
114,3.302673578262329,0.046319007873535156,0.16263389587402344,0.0008795261383056641,10.0,lbfgs,0.8,1,l1,"{'clf__C': 10, 'clf__solver': 'lbfgs', 'vect__max_df': 0.8, 'vect__min_df': 1, 'vect__norm': 'l1'}",0.815,0.7884615384615384,0.8017307692307691,0.013269230769230755,49
115,2.8966777324676514,0.343477725982666,0.12829840183258057,0.016986966133117676,10.0,lbfgs,0.8,1,l2,"{'clf__C': 10, 'clf__solver': 'lbfgs', 'vect__max_df': 0.8, 'vect__min_df': 1, 'vect__norm': 'l2'}",0.8319230769230769,0.8165384615384615,0.8242307692307692,0.007692307692307665,17
116,1.01314115524292,0.007411479949951172,0.17582690715789795,0.016083359718322754,10.0,lbfgs,0.8,3,l1,"{'clf__C': 10, 'clf__solver': 'lbfgs', 'vect__max_df': 0.8, 'vect__min_df': 3, 'vect__norm': 'l1'}",0.82,0.7938461538461539,0.8069230769230769,0.013076923076923042,33
117,1.0364394187927246,0.09563660621643066,0.19743847846984863,0.023146390914916992,10.0,lbfgs,0.8,3,l2,"{'clf__C': 10, 'clf__solver': 'lbfgs', 'vect__max_df': 0.8, 'vect__min_df': 3, 'vect__norm': 'l2'}",0.823076923076923,0.7988461538461539,0.8109615384615385,0.012115384615384583,27
118,0.772631049156189,0.08278119564056396,0.14686310291290283,0.02471005916595459,10.0,lbfgs,0.8,5,l1,"{'clf__C': 10, 'clf__solver': 'lbfgs', 'vect__max_df': 0.8, 'vect__min_df': 5, 'vect__norm': 'l1'}",0.801923076923077,0.7838461538461539,0.7928846153846154,0.00903846153846155,67
119,0.7293802499771118,0.035179734230041504,0.10777318477630615,0.013396143913269043,10.0,lbfgs,0.8,5,l2,"{'clf__C': 10, 'clf__solver': 'lbfgs', 'vect__max_df': 0.8, 'vect__min_df': 5, 'vect__norm': 'l2'}",0.7953846153846154,0.7780769230769231,0.7867307692307692,0.008653846153846123,81
120,0.46159958839416504,0.003628969192504883,0.16696441173553467,0.034805893898010254,10.0,liblinear,0.6,1,l1,"{'clf__C': 10, 'clf__solver': 'liblinear', 'vect__max_df': 0.6, 'vect__min_df': 1, 'vect__norm': 'l1'}",0.8123076923076923,0.7846153846153846,0.7984615384615384,0.013846153846153841,57
121,0.5038719177246094,0.020040273666381836,0.21802139282226562,0.08256840705871582,10.0,liblinear,0.6,1,l2,"{'clf__C': 10, 'clf__solver': 'liblinear', 'vect__max_df': 0.6, 'vect__min_df': 1, 'vect__norm': 'l2'}",0.8323076923076923,0.82,0.8261538461538461,0.006153846153846176,9
122,0.25392162799835205,0.003517746925354004,0.11546599864959717,0.009824872016906738,10.0,liblinear,0.6,3,l1,"{'clf__C': 10, 'clf__solver': 'liblinear', 'vect__max_df': 0.6, 'vect__min_df': 3, 'vect__norm': 'l1'}",0.8161538461538461,0.7892307692307692,0.8026923076923076,0.01346153846153847,45
123,0.25951600074768066,0.00603795051574707,0.11309969425201416,0.0012341737747192383,10.0,liblinear,0.6,3,l2,"{'clf__C': 10, 'clf__solver': 'liblinear', 'vect__max_df': 0.6, 'vect__min_df': 3, 'vect__norm': 'l2'}",0.821923076923077,0.8011538461538461,0.8115384615384615,0.010384615384615437,25
124,0.45241618156433105,0.022852420806884766,0.14114654064178467,0.0003317594528198242,10.0,liblinear,0.6,5,l1,"{'clf__C': 10, 'clf__solver': 'liblinear', 'vect__max_df': 0.6, 'vect__min_df': 5, 'vect__norm': 'l1'}",0.8023076923076923,0.7796153846153846,0.7909615384615385,0.01134615384615384,75
125,0.25774669647216797,0.0021407604217529297,0.11196243762969971,0.01264965534210205,10.0,liblinear,0.6,5,l2,"{'clf__C': 10, 'clf__solver': 'liblinear', 'vect__max_df': 0.6, 'vect__min_df': 5, 'vect__norm': 'l2'}",0.8015384615384615,0.7834615384615384,0.7925,0.00903846153846155,71
126,0.28975558280944824,0.0032896995544433594,0.12431621551513672,0.00197601318359375,10.0,liblinear,0.8,1,l1,"{'clf__C': 10, 'clf__solver': 'liblinear', 'vect__max_df': 0.8, 'vect__min_df': 1, 'vect__norm': 'l1'}",0.8123076923076923,0.7846153846153846,0.7984615384615384,0.013846153846153841,57
127,0.45119738578796387,0.12019658088684082,0.12939107418060303,0.02143681049346924,10.0,liblinear,0.8,1,l2,"{'clf__C': 10, 'clf__solver': 'liblinear', 'vect__max_df': 0.8, 'vect__min_df': 1, 'vect__norm': 'l2'}",0.8323076923076923,0.82,0.8261538461538461,0.006153846153846176,9
128,0.29748284816741943,0.042698025703430176,0.12176179885864258,0.022498369216918945,10.0,liblinear,0.8,3,l1,"{'clf__C': 10, 'clf__solver': 'liblinear', 'vect__max_df': 0.8, 'vect__min_df': 3, 'vect__norm': 'l1'}",0.8161538461538461,0.7892307692307692,0.8026923076923076,0.01346153846153847,45
129,0.32582569122314453,0.038947343826293945,0.16273260116577148,0.06649446487426758,10.0,liblinear,0.8,3,l2,"{'clf__C': 10, 'clf__solver': 'liblinear', 'vect__max_df': 0.8, 'vect__min_df': 3, 'vect__norm': 'l2'}",0.821923076923077,0.8011538461538461,0.8115384615384615,0.010384615384615437,25
130,0.2624940872192383,0.00606536865234375,0.09085190296173096,0.0067604780197143555,10.0,liblinear,0.8,5,l1,"{'clf__C': 10, 'clf__solver': 'liblinear', 'vect__max_df': 0.8, 'vect__min_df': 5, 'vect__norm': 'l1'}",0.8023076923076923,0.7796153846153846,0.7909615384615385,0.01134615384615384,75
131,0.35562098026275635,0.006014704704284668,0.16326260566711426,0.020731210708618164,10.0,liblinear,0.8,5,l2,"{'clf__C': 10, 'clf__solver': 'liblinear', 'vect__max_df': 0.8, 'vect__min_df': 5, 'vect__norm': 'l2'}",0.8015384615384615,0.7834615384615384,0.7925,0.00903846153846155,71
132,0.7126046419143677,0.21183598041534424,0.13252592086791992,0.03387451171875,10.0,newton-cg,0.6,1,l1,"{'clf__C': 10, 'clf__solver': 'newton-cg', 'vect__max_df': 0.6, 'vect__min_df': 1, 'vect__norm': 'l1'}",0.8157692307692308,0.7880769230769231,0.801923076923077,0.013846153846153841,47
133,0.7858353853225708,0.029858708381652832,0.11039853096008301,0.0008859634399414062,10.0,newton-cg,0.6,1,l2,"{'clf__C': 10, 'clf__solver': 'newton-cg', 'vect__max_df': 0.6, 'vect__min_df': 1, 'vect__norm': 'l2'}",0.833076923076923,0.816923076923077,0.825,0.008076923076923037,13
134,0.30187034606933594,0.020586013793945312,0.1014249324798584,0.012334108352661133,10.0,newton-cg,0.6,3,l1,"{'clf__C': 10, 'clf__solver': 'newton-cg', 'vect__max_df': 0.6, 'vect__min_df': 3, 'vect__norm': 'l1'}",0.8203846153846154,0.795,0.8076923076923077,0.01269230769230767,31
135,0.4963040351867676,0.0301513671875,0.16692399978637695,0.024875402450561523,10.0,newton-cg,0.6,3,l2,"{'clf__C': 10, 'clf__solver': 'newton-cg', 'vect__max_df': 0.6, 'vect__min_df': 3, 'vect__norm': 'l2'}",0.821923076923077,0.7992307692307692,0.8105769230769231,0.011346153846153895,29
136,0.475913405418396,0.01932704448699951,0.16139757633209229,0.024364590644836426,10.0,newton-cg,0.6,5,l1,"{'clf__C': 10, 'clf__solver': 'newton-cg', 'vect__max_df': 0.6, 'vect__min_df': 5, 'vect__norm': 'l1'}",0.8023076923076923,0.7834615384615384,0.7928846153846154,0.009423076923076923,67
137,0.4576871395111084,0.03253340721130371,0.15438449382781982,0.003725409507751465,10.0,newton-cg,0.6,5,l2,"{'clf__C': 10, 'clf__solver': 'newton-cg', 'vect__max_df': 0.6, 'vect__min_df': 5, 'vect__norm': 'l2'}",0.7946153846153846,0.7780769230769231,0.7863461538461538,0.008269230769230751,83
138,0.5940892696380615,0.07699036598205566,0.11721992492675781,0.0007376670837402344,10.0,newton-cg,0.8,1,l1,"{'clf__C': 10, 'clf__solver': 'newton-cg', 'vect__max_df': 0.8, 'vect__min_df': 1, 'vect__norm': 'l1'}",0.8157692307692308,0.7880769230769231,0.801923076923077,0.013846153846153841,47
139,0.9918597936630249,0.20454418659210205,0.15249311923980713,0.04197728633880615,10.0,newton-cg,0.8,1,l2,"{'clf__C': 10, 'clf__solver': 'newton-cg', 'vect__max_df': 0.8, 'vect__min_df': 1, 'vect__norm': 'l2'}",0.833076923076923,0.816923076923077,0.825,0.008076923076923037,13
140,0.3167346715927124,0.0017074346542358398,0.11984217166900635,0.027747511863708496,10.0,newton-cg,0.8,3,l1,"{'clf__C': 10, 'clf__solver': 'newton-cg', 'vect__max_df': 0.8, 'vect__min_df': 3, 'vect__norm': 'l1'}",0.8203846153846154,0.795,0.8076923076923077,0.01269230769230767,31
141,0.3925180435180664,0.04236745834350586,0.1964186429977417,0.10709106922149658,10.0,newton-cg,0.8,3,l2,"{'clf__C': 10, 'clf__solver': 'newton-cg', 'vect__max_df': 0.8, 'vect__min_df': 3, 'vect__norm': 'l2'}",0.821923076923077,0.7992307692307692,0.8105769230769231,0.011346153846153895,29
142,0.4543609619140625,0.04749608039855957,0.2279965877532959,0.031903743743896484,10.0,newton-cg,0.8,5,l1,"{'clf__C': 10, 'clf__solver': 'newton-cg', 'vect__max_df': 0.8, 'vect__min_df': 5, 'vect__norm': 'l1'}",0.8023076923076923,0.7834615384615384,0.7928846153846154,0.009423076923076923,67
143,0.4789620637893677,0.09138619899749756,0.20126700401306152,0.05110025405883789,10.0,newton-cg,0.8,5,l2,"{'clf__C': 10, 'clf__solver': 'newton-cg', 'vect__max_df': 0.8, 'vect__min_df': 5, 'vect__norm': 'l2'}",0.7946153846153846,0.7780769230769231,0.7863461538461538,0.008269230769230751,83
144,5.135099530220032,0.41233742237091064,0.13519763946533203,0.0013496875762939453,100.0,lbfgs,0.6,1,l1,"{'clf__C': 100, 'clf__solver': 'lbfgs', 'vect__max_df': 0.6, 'vect__min_df': 1, 'vect__norm': 'l1'}",0.8357692307692308,0.8192307692307692,0.8275,0.008269230769230806,1
145,2.8474758863449097,0.7673910856246948,0.1277393102645874,0.003746628761291504,100.0,lbfgs,0.6,1,l2,"{'clf__C': 100, 'clf__solver': 'lbfgs', 'vect__max_df': 0.6, 'vect__min_df': 1, 'vect__norm': 'l2'}",0.8315384615384616,0.8176923076923077,0.8246153846153846,0.006923076923076921,15
146,1.0698084831237793,0.04967665672302246,0.20795047283172607,0.045963168144226074,100.0,lbfgs,0.6,3,l1,"{'clf__C': 100, 'clf__solver': 'lbfgs', 'vect__max_df': 0.6, 'vect__min_df': 3, 'vect__norm': 'l1'}",0.8253846153846154,0.8,0.8126923076923077,0.01269230769230767,23
147,0.9525024890899658,0.2046823501586914,0.12023460865020752,0.01138150691986084,100.0,lbfgs,0.6,3,l2,"{'clf__C': 100, 'clf__solver': 'lbfgs', 'vect__max_df': 0.6, 'vect__min_df': 3, 'vect__norm': 'l2'}",0.8126923076923077,0.7888461538461539,0.8007692307692308,0.011923076923076925,53
148,1.4053173065185547,0.04974222183227539,0.18858850002288818,0.0103377103805542,100.0,lbfgs,0.6,5,l1,"{'clf__C': 100, 'clf__solver': 'lbfgs', 'vect__max_df': 0.6, 'vect__min_df': 5, 'vect__norm': 'l1'}",0.7965384615384615,0.7834615384615384,0.79,0.0065384615384615485,77
149,0.7968168258666992,0.194624662399292,0.11185991764068604,0.005504727363586426,100.0,lbfgs,0.6,5,l2,"{'clf__C': 100, 'clf__solver': 'lbfgs', 'vect__max_df': 0.6, 'vect__min_df': 5, 'vect__norm': 'l2'}",0.785,0.7719230769230769,0.7784615384615385,0.0065384615384615485,85
150,4.022541761398315,0.3744080066680908,0.16098368167877197,0.0030022859573364258,100.0,lbfgs,0.8,1,l1,"{'clf__C': 100, 'clf__solver': 'lbfgs', 'vect__max_df': 0.8, 'vect__min_df': 1, 'vect__norm': 'l1'}",0.8357692307692308,0.8192307692307692,0.8275,0.008269230769230806,1
151,3.1688371896743774,0.21501195430755615,0.1205596923828125,0.018115758895874023,100.0,lbfgs,0.8,1,l2,"{'clf__C': 100, 'clf__solver': 'lbfgs', 'vect__max_df': 0.8, 'vect__min_df': 1, 'vect__norm': 'l2'}",0.8315384615384616,0.8176923076923077,0.8246153846153846,0.006923076923076921,15
152,1.311368703842163,0.037301063537597656,0.22999215126037598,0.039357900619506836,100.0,lbfgs,0.8,3,l1,"{'clf__C': 100, 'clf__solver': 'lbfgs', 'vect__max_df': 0.8, 'vect__min_df': 3, 'vect__norm': 'l1'}",0.8253846153846154,0.8,0.8126923076923077,0.01269230769230767,23
153,1.4051448106765747,0.0739368200302124,0.1683899164199829,0.0022405385971069336,100.0,lbfgs,0.8,3,l2,"{'clf__C': 100, 'clf__solver': 'lbfgs', 'vect__max_df': 0.8, 'vect__min_df': 3, 'vect__norm': 'l2'}",0.8126923076923077,0.7888461538461539,0.8007692307692308,0.011923076923076925,53
154,0.9768086671829224,0.11311304569244385,0.16720139980316162,0.03158009052276611,100.0,lbfgs,0.8,5,l1,"{'clf__C': 100, 'clf__solver': 'lbfgs', 'vect__max_df': 0.8, 'vect__min_df': 5, 'vect__norm': 'l1'}",0.7965384615384615,0.7834615384615384,0.79,0.0065384615384615485,77
155,0.8354334831237793,0.15044689178466797,0.13106811046600342,0.004150509834289551,100.0,lbfgs,0.8,5,l2,"{'clf__C': 100, 'clf__solver': 'lbfgs', 'vect__max_df': 0.8, 'vect__min_df': 5, 'vect__norm': 'l2'}",0.785,0.7719230769230769,0.7784615384615385,0.0065384615384615485,85
156,0.656540036201477,0.06652939319610596,0.2024906873703003,0.005591273307800293,100.0,liblinear,0.6,1,l1,"{'clf__C': 100, 'clf__solver': 'liblinear', 'vect__max_df': 0.6, 'vect__min_df': 1, 'vect__norm': 'l1'}",0.8338461538461538,0.8211538461538461,0.8274999999999999,0.006346153846153835,3
157,0.6344007253646851,0.07012069225311279,0.18762707710266113,0.0003333091735839844,100.0,liblinear,0.6,1,l2,"{'clf__C': 100, 'clf__solver': 'liblinear', 'vect__max_df': 0.6, 'vect__min_df': 1, 'vect__norm': 'l2'}",0.8326923076923077,0.8203846153846154,0.8265384615384616,0.006153846153846176,7
158,0.302140474319458,0.033658504486083984,0.10141396522521973,0.0019903182983398438,100.0,liblinear,0.6,3,l1,"{'clf__C': 100, 'clf__solver': 'liblinear', 'vect__max_df': 0.6, 'vect__min_df': 3, 'vect__norm': 'l1'}",0.823076923076923,0.8053846153846154,0.8142307692307692,0.008846153846153837,19
159,0.40554916858673096,0.03079855442047119,0.10082197189331055,0.015735149383544922,100.0,liblinear,0.6,3,l2,"{'clf__C': 100, 'clf__solver': 'liblinear', 'vect__max_df': 0.6, 'vect__min_df': 3, 'vect__norm': 'l2'}",0.8103846153846154,0.7865384615384615,0.7984615384615384,0.011923076923076925,57
160,0.3292117118835449,0.054704904556274414,0.12186956405639648,0.03775954246520996,100.0,liblinear,0.6,5,l1,"{'clf__C': 100, 'clf__solver': 'liblinear', 'vect__max_df': 0.6, 'vect__min_df': 5, 'vect__norm': 'l1'}",0.8046153846153846,0.7861538461538462,0.7953846153846154,0.009230769230769209,61
161,0.33272528648376465,0.08093690872192383,0.13676047325134277,0.014124870300292969,100.0,liblinear,0.6,5,l2,"{'clf__C': 100, 'clf__solver': 'liblinear', 'vect__max_df': 0.6, 'vect__min_df': 5, 'vect__norm': 'l2'}",0.7815384615384615,0.7730769230769231,0.7773076923076923,0.004230769230769205,89
162,0.39602911472320557,0.020007967948913574,0.10605621337890625,0.007277965545654297,100.0,liblinear,0.8,1,l1,"{'clf__C': 100, 'clf__solver': 'liblinear', 'vect__max_df': 0.8, 'vect__min_df': 1, 'vect__norm': 'l1'}",0.8338461538461538,0.8211538461538461,0.8274999999999999,0.006346153846153835,3
163,0.37804174423217773,0.011055231094360352,0.10793197154998779,0.008659720420837402,100.0,liblinear,0.8,1,l2,"{'clf__C': 100, 'clf__solver': 'liblinear', 'vect__max_df': 0.8, 'vect__min_df': 1, 'vect__norm': 'l2'}",0.8326923076923077,0.8203846153846154,0.8265384615384616,0.006153846153846176,7
164,0.3678722381591797,0.0023915767669677734,0.08747446537017822,0.004714608192443848,100.0,liblinear,0.8,3,l1,"{'clf__C': 100, 'clf__solver': 'liblinear', 'vect__max_df': 0.8, 'vect__min_df': 3, 'vect__norm': 'l1'}",0.823076923076923,0.8053846153846154,0.8142307692307692,0.008846153846153837,19
165,0.39208877086639404,0.022065043449401855,0.13788938522338867,0.002418994903564453,100.0,liblinear,0.8,3,l2,"{'clf__C': 100, 'clf__solver': 'liblinear', 'vect__max_df': 0.8, 'vect__min_df': 3, 'vect__norm': 'l2'}",0.8103846153846154,0.7865384615384615,0.7984615384615384,0.011923076923076925,57
166,0.3437690734863281,0.01313018798828125,0.10670745372772217,0.008920550346374512,100.0,liblinear,0.8,5,l1,"{'clf__C': 100, 'clf__solver': 'liblinear', 'vect__max_df': 0.8, 'vect__min_df': 5, 'vect__norm': 'l1'}",0.8046153846153846,0.7861538461538462,0.7953846153846154,0.009230769230769209,61
167,0.29551589488983154,0.0015066862106323242,0.11183357238769531,0.01554107666015625,100.0,liblinear,0.8,5,l2,"{'clf__C': 100, 'clf__solver': 'liblinear', 'vect__max_df': 0.8, 'vect__min_df': 5, 'vect__norm': 'l2'}",0.7815384615384615,0.7730769230769231,0.7773076923076923,0.004230769230769205,89
168,1.0966564416885376,0.36088383197784424,0.11915123462677002,0.015744566917419434,100.0,newton-cg,0.6,1,l1,"{'clf__C': 100, 'clf__solver': 'newton-cg', 'vect__max_df': 0.6, 'vect__min_df': 1, 'vect__norm': 'l1'}",0.8346153846153846,0.8196153846153846,0.8271153846153847,0.007500000000000007,5
169,1.0521026849746704,0.07692611217498779,0.11972546577453613,0.0058345794677734375,100.0,newton-cg,0.6,1,l2,"{'clf__C': 100, 'clf__solver': 'newton-cg', 'vect__max_df': 0.6, 'vect__min_df': 1, 'vect__norm': 'l2'}",0.8323076923076923,0.8196153846153846,0.8259615384615384,0.006346153846153835,11
170,0.55884850025177,0.09499537944793701,0.12934017181396484,0.020731449127197266,100.0,newton-cg,0.6,3,l1,"{'clf__C': 100, 'clf__solver': 'newton-cg', 'vect__max_df': 0.6, 'vect__min_df': 3, 'vect__norm': 'l1'}",0.823076923076923,0.803076923076923,0.813076923076923,0.010000000000000009,21
171,0.44323015213012695,0.0350189208984375,0.19968056678771973,0.023925304412841797,100.0,newton-cg,0.6,3,l2,"{'clf__C': 100, 'clf__solver': 'newton-cg', 'vect__max_df': 0.6, 'vect__min_df': 3, 'vect__norm': 'l2'}",0.811923076923077,0.79,0.8009615384615385,0.010961538461538467,51
172,0.5661342144012451,0.08083868026733398,0.10264039039611816,0.005226612091064453,100.0,newton-cg,0.6,5,l1,"{'clf__C': 100, 'clf__solver': 'newton-cg', 'vect__max_df': 0.6, 'vect__min_df': 5, 'vect__norm': 'l1'}",0.7961538461538461,0.7838461538461539,0.79,0.006153846153846121,77
173,0.5814460515975952,0.06705367565155029,0.10962295532226562,0.013799190521240234,100.0,newton-cg,0.6,5,l2,"{'clf__C': 100, 'clf__solver': 'newton-cg', 'vect__max_df': 0.6, 'vect__min_df': 5, 'vect__norm': 'l2'}",0.7826923076923077,0.7723076923076924,0.7775000000000001,0.005192307692307663,87
174,0.9542498588562012,0.2554640769958496,0.10429179668426514,0.0030390024185180664,100.0,newton-cg,0.8,1,l1,"{'clf__C': 100, 'clf__solver': 'newton-cg', 'vect__max_df': 0.8, 'vect__min_df': 1, 'vect__norm': 'l1'}",0.8346153846153846,0.8196153846153846,0.8271153846153847,0.007500000000000007,5
175,0.9735227823257446,0.06543982028961182,0.10761010646820068,0.008279204368591309,100.0,newton-cg,0.8,1,l2,"{'clf__C': 100, 'clf__solver': 'newton-cg', 'vect__max_df': 0.8, 'vect__min_df': 1, 'vect__norm': 'l2'}",0.8323076923076923,0.8196153846153846,0.8259615384615384,0.006346153846153835,11
176,0.4691885709762573,0.039373040199279785,0.12062966823577881,0.015788674354553223,100.0,newton-cg,0.8,3,l1,"{'clf__C': 100, 'clf__solver': 'newton-cg', 'vect__max_df': 0.8, 'vect__min_df': 3, 'vect__norm': 'l1'}",0.823076923076923,0.803076923076923,0.813076923076923,0.010000000000000009,21
177,0.42828524112701416,0.049144864082336426,0.1294879913330078,0.007147312164306641,100.0,newton-cg,0.8,3,l2,"{'clf__C': 100, 'clf__solver': 'newton-cg', 'vect__max_df': 0.8, 'vect__min_df': 3, 'vect__norm': 'l2'}",0.811923076923077,0.79,0.8009615384615385,0.010961538461538467,51
178,0.5173417329788208,0.04147326946258545,0.11625981330871582,0.0026879310607910156,100.0,newton-cg,0.8,5,l1,"{'clf__C': 100, 'clf__solver': 'newton-cg', 'vect__max_df': 0.8, 'vect__min_df': 5, 'vect__norm': 'l1'}",0.7961538461538461,0.7838461538461539,0.79,0.006153846153846121,77
179,0.43438732624053955,0.04745590686798096,0.10602545738220215,0.0026047229766845703,100.0,newton-cg,0.8,5,l2,"{'clf__C': 100, 'clf__solver': 'newton-cg', 'vect__max_df': 0.8, 'vect__min_df': 5, 'vect__norm': 'l2'}",0.7826923076923077,0.7723076923076924,0.7775000000000001,0.005192307692307663,87
